,ID,EARNINGS,S,EXP,FEMALE,MALE,BYEAR,AGE,AGEMBTH,HHINC97,POVRAT97,HHBMBF,HHBMOF,HHOMBF,HHBMONLY,HHBFONLY,HHOTHER,MSA97NO,MSA97NCC,MSA97CC,MSA97NK,ETHBLACK,ETHHISP,ETHWHITE,EDUCPROF,EDUCPHD,EDUCMAST,EDUCBA,EDUCAA,EDUCHSD,EDUCGED,EDUCDO,PRMONM,PRMONF,PRMSTYUN,PRMSTYPE,PRMSTYAN,PRMSTYAE,PRFSTYUN,PRFSTYPE,PRFSTYAN,PRFSTYAE,SINGLE,MARRIED,COHABIT,OTHSING,FAITHN,FAITHP,FAITHC,FAITHJ,FAITHO,FAITHM,ASVABAR,ASVABWK,ASVABPC,ASVABMK,ASVABNO,ASVABCS,ASVABC,ASVABC4,VERBAL,ASVABMV,HEIGHT,WEIGHT04,WEIGHT11,SF,SM,SFR,SMR,SIBLINGS,REG97NE,REG97NC,REG97S,REG97W,RS97RURL,RS97URBN,RS97UNKN,JOBS,HOURS,TENURE,CATGOV,CATPRI,CATNPO,CATMIS,CATSE,COLLBARG,URBAN,REGNE,REGNC,REGW,REGS,MSA11NO,MSA11NCC,MSA11CC,MSA11NK,MSA11NIC
0,4275,18.5,12,9.711538,0,1,1984,27,24.0,64000.0,402.0,1,0,0,0,0,0,0,0,1,0,0,0,1,0,0,0,0,0,1,0,0,14.0,14.0,0.0,0.0,0.0,1.0,0.0,0.0,0.0,1.0,0,1,0,0,0,0,1,0,0,0,0.1240165,-0.6890168,-0.3050777,-0.2855563,-0.3558607,-0.7159587,-0.2054523,-0.3240111,-0.5305199,29818,70,155,186,12,12,12.0,12.0,1,0,0,1,0,0,1,0,6.0,50,4.769231,0,1,0,0,0,0,1,0,0,1,0,0,0,1,0,0
1,4328,19.23,17,5.711538,0,1,1982,29,32.0,6000.0,38.0,1,0,0,0,0,0,0,0,0,1,0,0,1,0,0,0,1,0,0,0,0,12.0,12.0,0.0,0.0,0.0,1.0,0.0,0.0,0.0,1.0,0,1,0,0,0,1,0,0,0,0,0.4469109,-0.0981771,-0.3037769,-0.548233,-1.205742,-0.1743928,0.1347132,-0.141461,-0.214745,46246,74,200,200,16,12,16.0,12.0,3,0,0,1,0,0,1,0,,50,9.057693,0,0,0,1,0,0,2,0,0,1,0,0,1,0,0,0
2,8763,39.05,14,9.942307,0,1,1981,30,23.0,88252.0,555.0,0,0,0,1,0,0,0,1,0,0,0,0,1,0,0,0,0,0,1,0,0,,,,,,,,,,,0,0,1,0,0,0,1,0,0,0,0.4177562,0.9479251,0.059644,0.2939251,0.0612613,-0.0672739,0.5060075,0.4804706,0.5369214,66480,72,168,190,16,6,,6.0,1,0,0,0,1,0,1,0,3.0,65,4.980769,0,1,0,0,0,0,1,0,0,0,1,0,0,1,0,0
3,8879,16.8,18,1.538462,0,1,1983,28,30.0,,,1,0,0,0,0,0,0,1,0,0,0,0,1,0,0,1,0,0,0,0,0,6.0,4.0,0.0,1.0,0.0,0.0,1.0,0.0,0.0,0.0,0,1,0,0,0,1,0,0,0,0,0.7136975,-0.0594227,-0.0328808,-0.0594718,1.677242,0.3247573,0.366419,0.1566143,-0.0496154,51240,73,153,175,14,14,14.0,14.0,2,0,1,0,0,1,0,0,10.0,40,1.019231,1,0,0,0,0,1,1,0,1,0,0,0,1,0,0,0
4,1994,36.06,15,2.942308,0,1,1984,27,23.0,44188.0,278.0,1,0,0,0,0,0,0,0,1,0,0,0,1,0,0,0,0,0,1,0,0,11.0,8.0,0.0,1.0,0.0,0.0,0.0,0.0,1.0,0.0,1,0,0,0,0,0,0,1,0,0,1.543366,0.3308927,0.7791814,1.190146,0.2165398,0.2181599,1.152778,1.074925,0.591585,89773,71,145,170,14,16,14.0,16.0,1,0,0,0,1,0,1,0,7.0,40,2.346154,0,1,0,0,0,0,1,0,0,0,1,0,0,1,0,0
5,2788,13.14,12,8.019231,0,1,1983,28,25.0,97400.0,612.0,1,0,0,0,0,0,0,1,0,0,0,0,1,0,0,0,0,0,1,0,0,5.0,3.0,1.0,0.0,0.0,0.0,0.0,0.0,1.0,0.0,0,0,1,0,0,1,0,0,0,0,0.7222221,1.01171,0.8045009,1.113033,-0.7572729,0.6925451,0.8955367,1.021164,0.9681515,86885,66,220,245,13,13,13.0,13.0,1,0,1,0,0,1,0,0,2.0,50,4.25,0,1,0,0,0,0,1,0,1,0,0,0,0,1,0,0
6,3473,10.0,13,9.788462,0,1,1983,28,23.0,70751.0,445.0,1,0,0,0,0,0,0,1,0,0,0,0,1,0,0,0,0,0,1,0,0,3.0,5.0,0.0,1.0,0.0,0.0,0.0,1.0,0.0,0.0,1,0,0,0,0,1,0,0,0,0,-2.585331,-0.6763769,-1.607559,-0.9319599,-1.313517,-0.0143555,-2.048863,-1.623991,-1.218363,8396,69,154,150,12,16,12.0,16.0,1,0,0,1,0,0,1,0,3.0,30,8.076923,0,0,0,1,0,0,1,0,0,1,0,0,1,0,0,0
7,268,12.79,14,7.711538,0,1,1981,30,26.0,71100.0,380.0,0,1,0,0,0,0,0,1,0,0,0,1,0,0,0,0,0,1,0,0,0,,,,,,,,,,,0,1,0,0,0,0,1,0,0,0,-0.298312,-0.1994731,-0.1905697,-0.4481668,-0.4603616,-1.068405,-0.2715672,-0.3186627,-0.208393,36454,70,175,185,11,11,12.0,11.0,3,1,0,0,0,0,1,0,8.0,43,0.7884616,0,1,0,0,0,0,1,1,0,0,0,0,0,1,0,0
8,1239,20.19,14,6.846154,0,1,1983,28,25.0,246474.0,1627.0,1,0,0,0,0,0,0,1,0,0,0,0,1,0,0,0,0,0,1,0,0,10.0,6.0,1.0,0.0,0.0,0.0,1.0,0.0,0.0,0.0,0,1,0,0,0,1,0,0,0,0,1.863456,1.694685,2.235723,1.08865,0.8657922,0.5588324,2.103678,1.925311,2.095604,98479,71,175,180,16,20,16.0,20.0,1,0,1,0,0,0,1,0,6.0,40,3.884615,0,1,0,0,0,0,1,0,0,0,1,0,0,1,0,0
9,2333,25.48,17,7.153846,0,1,1981,30,30.0,61300.0,373.0,1,0,0,0,0,0,0,1,0,0,0,0,1,0,0,1,0,0,0,0,0,,,,,,,,,,,0,1,0,0,0,0,1,0,0,0,0.2898869,0.4971615,0.8225176,0.1963931,0.1903482,1.176971,0.5214975,0.5047343,0.7033626,72880,71,165,170,13,14,13.0,14.0,1,1,0,0,0,0,1,0,3.0,40,7.538462,0,0,1,0,0,0,1,1,0,0,0,0,1,0,0,0
10,6512,10.0,16,0.9807692,0,1,1983,28,27.0,123950.0,779.0,0,1,0,0,0,0,0,0,1,0,0,0,1,0,0,0,1,0,0,0,0,12.0,12.0,0.0,1.0,0.0,0.0,0.0,1.0,0.0,0.0,0,0,1,0,0,0,1,0,0,0,2.467638,0.5313508,1.389445,2.194367,1.73956,1.210876,1.883506,1.841442,1.023924,92297,73,165,170,12,17,17.0,17.0,1,0,0,0,1,0,1,0,5.0,14,1.096154,0,1,0,0,0,0,1,1,0,0,0,0,0,1,0,0
11,487,19.65,16,2.730769,0,1,1984,27,28.0,75000.0,471.0,1,0,0,0,0,0,0,1,0,0,0,0,1,0,0,0,0,1,0,0,0,13.0,9.0,0.0,0.0,0.0,1.0,0.0,0.0,0.0,1.0,1,0,0,0,0,0,1,0,0,0,-1.578777,-0.3589122,-1.498319,-1.896956,-1.790818,-0.164277,-1.378437,-1.492957,-0.9908108,6538,72,280,224,12,14,12.0,14.0,1,0,0,0,1,0,1,0,4.0,40,2.807692,1,0,0,0,0,1,1,0,0,0,1,0,1,0,0,0
12,79,8.0,13,2.788461,0,1,1983,28,18.0,,,0,0,0,0,1,0,0,0,1,0,0,1,0,0,0,0,0,0,0,1,0,12.0,,0.0,1.0,0.0,0.0,,,,,0,0,1,0,0,0,1,0,0,0,-0.7152421,-1.103236,-1.028175,-1.66027,-0.3774311,-3.656701,-0.9792036,-1.261805,-1.137025,10563,66,150,165,14,11,14.0,,2,1,0,0,0,0,1,0,4.0,10,1.519231,0,0,0,1,0,0,1,1,0,0,0,0,0,1,0,0
13,3016,17.46,16,4.730769,0,1,1984,27,32.0,,,0,1,0,0,0,0,0,1,0,0,0,0,1,0,0,0,1,0,0,0,0,12.0,8.0,0.0,0.0,0.0,1.0,0.0,1.0,0.0,0.0,0,0,1,0,0,0,1,0,0,0,0.6983628,0.8909323,1.374134,-0.1933249,0.8146586,-0.1689523,1.005763,0.7745319,1.207516,84611,71,160,165,14,16,16.0,16.0,2,0,1,0,0,1,0,0,2.0,40,5.307693,1,0,0,0,0,1,1,0,1,0,0,0,1,0,0,0
14,649,31.73,18,4.923077,0,1,1982,29,28.0,77400.0,413.0,1,0,0,0,0,0,0,0,1,0,0,0,1,0,0,0,1,0,0,0,0,9.0,8.0,0.0,0.0,0.0,1.0,0.0,0.0,0.0,1.0,0,1,0,0,0,0,1,0,0,0,0.570518,-0.421452,-0.5918006,1.226427,0.1507418,-1.035889,0.0346679,0.2186724,-0.5407364,49154,70,180,200,14,14,14.0,14.0,2,0,1,0,0,0,1,0,9.0,40,3.884615,0,1,0,0,0,0,1,0,1,0,0,0,1,0,0,0
15,2730,27.27,18,6.980769,0,1,1980,31,32.0,61760.0,375.0,1,0,0,0,0,0,0,1,0,0,0,0,1,0,0,1,0,0,0,0,0,,,0.0,0.0,0.0,1.0,0.0,0.0,0.0,1.0,0,1,0,0,0,1,0,0,0,0,1.662593,0.8694142,0.8283687,1.679662,0.9819242,1.23818,1.379795,1.40973,0.9049966,91806,70,155,170,16,16,16.0,16.0,1,0,1,0,0,1,0,0,8.0,55,5.923077,0,1,0,0,0,1,0,0,0,0,1,0,1,0,0,0
16,2050,16.92,19,5.884615,0,1,1981,30,30.0,,,1,0,0,0,0,0,0,1,0,0,0,0,1,0,0,1,0,0,0,0,0,,,,,,,,,,,0,1,0,0,0,0,0,0,0,1,0.6148881,0.546108,-0.1349667,0.527154,-0.5025662,0.1655544,0.4504557,0.4339999,0.2188602,65383,69,195,194,16,13,16.0,13.0,2,0,0,1,0,0,1,0,9.0,50,5.326923,0,0,1,0,0,0,1,1,0,0,0,0,1,0,0,0
17,987,50.48,13,3.442308,0,1,1983,28,24.0,18900.0,150.0,0,0,0,1,0,0,0,1,0,0,0,1,0,0,0,0,0,0,1,0,0,,,,,,,,,,,0,1,0,0,0,1,0,0,0,0,0.5623855,0.5768825,0.7555702,0.7886332,-0.6801175,-0.5301934,0.6747651,0.7502894,0.7101744,78318,70,205,225,18,12,,12.0,1,0,0,0,1,0,1,0,3.0,80,0.3846154,0,1,0,0,0,0,1,0,0,1,0,0,1,0,0,0
18,1090,49.02,13,7.5,0,1,1982,29,20.0,36000.0,225.0,0,0,0,1,0,0,0,1,0,0,0,0,1,0,0,0,0,0,1,0,0,9.0,,0.0,0.0,0.0,1.0,,,,,0,1,0,0,0,1,0,0,0,0,0.9360111,0.5244685,0.8405336,0.7864723,1.416221,0.0341242,0.8890432,0.863345,0.7275323,84379,70,180,175,12,13,,13.0,4,1,0,0,0,0,1,0,3.0,40,1.634615,0,1,0,0,0,1,0,1,0,0,0,0,1,0,0,0
19,5607,25.6,12,6.326923,0,1,1984,27,23.0,31500.0,198.0,1,0,0,0,0,0,1,0,0,0,1,0,0,0,0,0,0,0,1,0,0,13.0,12.0,0.0,0.0,0.0,1.0,0.0,0.0,0.0,1.0,0,0,1,0,0,1,0,0,0,0,-0.7795934,-0.1301155,0.1097209,-0.31524,0.6633154,-0.117836,-0.4344917,-0.3127041,-0.011268,44283,73,180,185,12,12,12.0,12.0,2,0,0,1,0,1,0,0,11.0,40,0.5961539,0,1,0,0,0,1,0,0,0,1,0,1,0,0,0,0
20,3533,20.0,19,0.0,0,1,1981,30,28.0,,,1,0,0,0,0,0,0,0,0,1,0,0,1,0,0,0,1,0,0,0,0,,,,,,,,,,,1,0,0,0,0,1,0,0,0,0,0.4230841,0.2581202,0.4199516,0.1561081,-1.086012,0.6433668,0.4183944,0.3511925,0.3612081,59470,72,190,190,9,12,9.0,12.0,1,0,0,1,0,0,1,0,5.0,10,0.6730769,1,0,0,0,1,0,1,0,0,0,1,0,0,1,0,0
21,2483,65.0,12,9.807693,0,1,1983,28,24.0,78000.0,490.0,0,1,0,0,0,0,0,1,0,0,0,0,1,0,0,0,0,0,1,0,0,9.0,5.0,0.0,0.0,0.0,1.0,0.0,0.0,0.0,1.0,1,0,0,0,0,1,0,0,0,0,0.6305825,0.5552549,0.1094629,1.486199,0.7245056,-0.7162691,0.5287601,0.7777207,0.3540867,75525,70,180,200,10,12,14.0,12.0,2,1,0,0,0,1,0,0,4.0,45,0.4423077,0,1,0,0,1,0,0,1,0,0,0,0,1,0,0,0
22,1768,12.35,13,10.30769,0,1,1980,31,23.0,44000.0,348.0,0,0,0,1,0,0,0,0,1,0,1,0,0,0,0,0,0,0,1,0,0,,,0.0,1.0,0.0,0.0,,,,,1,0,0,0,0,1,0,0,0,0,-0.6252025,-0.004794,-0.4327081,-1.173151,-0.0903374,0.2607373,-0.4642581,-0.6262903,-0.2337019,21099,70,238,250,12,12,,12.0,3,0,1,0,0,0,1,0,4.0,40,2.403846,0,1,0,0,0,0,1,0,1,0,0,0,1,0,0,0
23,1755,32.52,18,7.788462,0,1,1980,31,34.0,50501.0,400.0,1,0,0,0,0,0,0,1,0,0,0,0,1,0,0,0,1,0,0,0,0,,,0.0,1.0,0.0,0.0,0.0,1.0,0.0,0.0,0,0,1,0,0,1,0,0,0,0,1.504887,1.748176,0.7282832,1.652099,3.414461,3.14943,1.507094,1.575783,1.320247,93563,72,205,225,14,16,14.0,16.0,0,0,0,1,0,0,1,0,2.0,55,7.25,0,1,0,0,0,0,1,0,0,1,0,0,0,1,0,0
24,392,21.31,15,5.788462,0,1,1980,31,23.0,,,1,0,0,0,0,0,0,0,1,0,0,1,0,0,0,0,0,0,1,0,0,,,0.0,1.0,0.0,0.0,0.0,0.0,0.0,1.0,0,1,0,0,0,0,1,0,0,0,1.516609,2.715724,1.190901,1.343601,1.453594,1.695733,1.906525,1.89294,2.082921,95143,67,170,180,14,18,14.0,18.0,1,0,0,0,1,0,1,0,4.0,37,4.461538,0,1,0,0,0,0,1,0,0,0,1,0,0,1,0,0
25,4014,10.0,12,12.01923,0,1,1980,31,30.0,32200.0,196.0,1,0,0,0,0,0,0,1,0,0,0,0,1,0,0,0,0,0,1,0,0,,,0.0,1.0,0.0,0.0,1.0,0.0,0.0,0.0,1,0,0,0,0,1,0,0,0,0,0.1601282,0.6975321,1.180892,-0.0006456,1.250154,0.0995964,0.603721,0.5696404,1.001328,74589,68,150,163,10,14,10.0,14.0,2,0,0,1,0,1,0,0,7.0,40,0.5769231,0,1,0,0,0,0,1,0,0,1,0,0,0,1,0,0
26,5288,8.0,8,9.884615,0,1,1984,27,19.0,18500.0,88.0,1,0,0,0,0,0,1,0,0,0,0,0,1,0,0,0,0,0,0,0,1,,,,,,,,,,,0,1,0,0,0,1,0,0,0,0,-2.44296,-1.458502,-1.491646,-1.664787,-2.268918,-0.553571,-2.153686,-1.975646,-1.573639,1668,68,158,145,11,8,11.0,8.0,2,0,1,0,0,1,0,0,6.0,50,4.480769,0,1,0,0,1,0,0,0,1,0,0,1,0,0,0,0
27,8878,15.0,19,7.576923,0,1,1980,31,28.0,,,1,0,0,0,0,0,0,1,0,0,0,0,1,0,0,1,0,0,0,0,0,,,0.0,1.0,0.0,0.0,0.0,1.0,0.0,0.0,1,0,0,0,0,1,0,0,0,0,0.4755392,0.057812,0.485854,0.6619365,0.8040382,-0.5331233,0.4102894,0.4698066,0.2895326,56870,73,175,190,14,14,14.0,14.0,2,0,1,0,0,1,0,0,9.0,10,4.0,0,1,0,0,0,0,1,0,1,0,0,0,1,0,0,0
28,1278,13.74,20,1.730769,0,1,1982,29,26.0,69750.0,372.0,1,0,0,0,0,0,0,1,0,0,0,0,1,1,0,0,0,0,0,0,0,10.0,7.0,0.0,0.0,0.0,1.0,0.0,1.0,0.0,0.0,1,0,0,0,0,0,1,0,0,0,1.469866,0.5552024,1.231979,1.107692,1.946087,0.0391112,1.298443,1.22076,0.9526708,89933,69,174,160,13,12,13.0,12.0,2,0,1,0,0,0,1,0,7.0,70,0.3461539,0,0,1,0,0,1,1,0,1,0,0,0,0,1,0,0
29,4296,38.46,18,6.865385,0,1,1983,28,29.0,58000.0,302.0,1,0,0,0,0,0,0,0,1,0,0,0,1,0,0,1,0,0,0,0,0,10.0,2.0,1.0,0.0,0.0,0.0,0.0,1.0,0.0,0.0,0,1,0,0,0,1,0,0,0,0,1.798455,1.306528,1.838717,1.946296,1.212826,1.565573,1.852204,1.927405,1.676895,99676,73,215,226,16,16,16.0,16.0,2,0,0,1,0,0,1,0,3.0,40,5.865385,1,0,0,0,0,1,1,0,0,1,0,0,1,0,0,0
30,138,12.0,14,0.8269231,0,1,1984,27,30.0,,,1,0,0,0,0,0,0,1,0,0,0,0,1,0,0,0,0,1,0,0,0,11.0,4.0,1.0,0.0,0.0,0.0,0.0,0.0,1.0,0.0,1,0,0,0,0,0,1,0,0,0,0.5832804,0.2899142,0.0719109,0.0324831,-0.3495959,0.2642892,0.4195336,0.2729307,0.1925609,60424,80,162,185,18,16,18.0,16.0,2,1,0,0,0,0,1,0,5.0,35,0.4230769,0,1,0,0,0,0,1,1,0,0,0,0,0,1,0,0
31,113,14.8,17,2.442308,0,1,1984,27,21.0,66600.0,361.0,0,0,0,1,0,0,0,0,1,0,0,0,1,0,0,0,0,0,1,0,0,9.0,,1.0,0.0,0.0,0.0,,,,,1,0,0,0,0,0,1,0,0,0,0.7164777,0.7486458,1.210661,0.2243668,2.229503,1.278822,0.9317004,0.8109232,1.044461,76838,74,161,190,12,15,,15.0,5,1,0,0,0,0,1,0,6.0,35,0.7307692,0,1,0,0,0,0,0,1,0,0,0,0,0,1,0,0
32,2715,11.65,12,10.0,0,1,1981,30,20.0,19800.0,157.0,0,0,0,1,0,0,0,0,1,0,0,0,1,0,0,0,0,0,1,0,0,,,,,,,,,,,1,0,0,0,0,1,0,0,0,0,-1.103889,-2.273441,-1.209217,-1.649295,-1.79294,-0.6083583,-1.564096,-1.74561,-1.857614,6446,75,170,170,10,9,,9.0,5,0,1,0,0,0,1,0,11.0,31,6.211538,0,1,0,0,0,0,1,0,1,0,0,0,0,1,0,0
33,2676,9.75,13,6.0,0,1,1984,27,28.0,,,1,0,0,0,0,0,0,1,0,0,0,0,1,0,0,0,0,0,1,0,0,7.0,4.0,0.0,1.0,0.0,0.0,0.0,0.0,1.0,0.0,1,0,0,0,0,1,0,0,0,0,0.2284431,0.9615064,0.3521501,0.6388782,0.4668001,0.4500532,0.4860749,0.6096761,0.7001508,79314,71,140,155,12,12,12.0,12.0,1,0,1,0,0,1,0,0,8.0,24,0.3269231,1,0,0,0,0,0,0,0,1,0,0,0,1,0,0,0
34,1820,15.5,16,8.403846,0,1,1981,30,23.0,33000.0,261.0,0,0,0,1,0,0,0,1,0,0,0,0,1,0,0,0,1,0,0,0,0,,,,,,,,,,,1,0,0,0,0,0,0,1,0,0,1.218005,1.061754,0.4054948,1.485513,0.6480047,0.6443019,1.072115,1.166481,0.7820582,81111,72,230,230,19,16,,16.0,2,0,1,0,0,0,1,0,9.0,36,2.0,0,0,0,1,0,0,1,0,1,0,0,0,1,0,0,0
35,1823,7.25,11,4.942307,0,1,1984,27,17.0,65328.0,517.0,0,0,0,1,0,0,0,1,0,0,0,0,1,0,0,0,0,0,1,0,0,9.0,,1.0,0.0,0.0,0.0,,,,,1,0,0,0,0,0,1,0,0,0,0.4266406,1.166399,-0.2038802,-0.2558726,0.3268324,1.05441,0.4985109,0.3164998,0.5128971,51823,74,250,226,16,12,,12.0,0,0,1,0,0,0,1,0,,23,2.461539,0,1,0,0,0,0,1,0,1,0,0,0,1,0,0,0
36,4337,22.0,11,8.442307,0,1,1984,27,26.0,107500.0,497.0,1,0,0,0,0,0,0,1,0,0,0,0,1,0,0,0,0,0,0,1,0,,9.0,,,,,0.0,0.0,1.0,0.0,1,0,0,0,0,1,0,0,0,0,-2.308697,-2.009435,-1.145796,-1.494106,0.1400439,-1.065357,-2.136253,-1.947702,-1.683004,3667,74,200,215,12,19,12.0,19.0,2,0,0,1,0,0,1,0,4.0,80,1.346154,0,1,0,0,0,0,1,0,0,1,0,0,0,1,0,0
37,2915,12.5,13,10.05769,0,1,1980,31,35.0,,,1,0,0,0,0,0,0,1,0,0,1,0,0,0,0,0,0,0,1,0,0,,,0.0,0.0,0.0,1.0,0.0,0.0,0.0,1.0,1,0,0,0,0,1,0,0,0,0,0.6407037,0.3218957,-0.0334783,0.1859375,-0.2345915,-0.0970766,0.4309205,0.311399,0.1534143,56898,75,300,340,18,16,18.0,16.0,3,0,1,0,0,0,1,0,7.0,40,1.153846,0,1,0,0,0,0,1,0,1,0,0,0,0,1,0,0
38,564,28.52,14,6.807693,0,1,1983,28,26.0,46200.0,366.0,1,0,0,0,0,0,0,1,0,0,0,0,1,0,0,0,0,0,1,0,0,8.0,5.0,0.0,0.0,1.0,0.0,0.0,0.0,1.0,0.0,0,1,0,0,0,1,0,0,0,0,0.7840256,1.085699,0.1917554,1.027163,1.20244,1.312797,0.7814594,0.8636688,0.680845,81035,73,145,165,12,13,12.0,13.0,1,0,0,0,1,0,1,0,7.0,40,5.442307,0,1,0,0,0,1,1,0,0,0,1,0,1,0,0,0
39,4743,38.0,12,9.75,0,1,1982,29,26.0,72889.0,458.0,1,0,0,0,0,0,0,1,0,0,1,0,0,0,0,0,0,0,1,0,0,7.0,6.0,1.0,0.0,0.0,0.0,0.0,0.0,0.0,1.0,0,0,1,0,0,1,0,0,0,0,-0.5962896,-0.2495699,-0.3727247,-0.3181845,0.8637694,-0.7042565,-0.4991467,-0.4306642,-0.3322476,30552,72,217,230,14,12,14.0,12.0,3,0,0,0,1,0,1,0,2.0,40,6.903846,1,0,0,0,0,1,1,0,0,0,1,0,0,1,0,0
40,2752,8.0,8,10.30769,0,1,1981,30,24.0,20600.0,129.0,0,0,0,1,0,0,0,0,1,0,0,0,1,0,0,0,0,0,0,1,0,,,,,,,,,,,1,0,0,0,0,1,0,0,0,0,-0.0052781,-0.1960582,-0.818884,-0.8934219,-1.467008,-1.339882,-0.2822376,-0.5361251,-0.5416375,28709,70,155,160,12,14,,14.0,4,0,1,0,0,0,1,0,14.0,32,0.7884616,0,1,0,0,0,0,1,0,0,1,0,0,0,1,0,0
41,3425,17.5,12,6.942307,0,1,1983,28,18.0,3500.0,22.0,0,0,0,0,1,0,0,1,0,0,0,0,1,0,0,0,0,0,1,0,0,,,,,,,,,,,0,0,1,0,0,1,0,0,0,0,-0.6033565,0.1409167,0.1439368,-0.5874172,-0.5111341,0.2658489,-0.2537591,-0.2541333,0.1515138,35128,74,187,180,12,12,12.0,,2,0,0,1,0,0,1,0,6.0,40,0.8461539,0,1,0,0,0,0,0,0,0,1,0,0,1,0,0,0
42,2164,7.5,15,2.788461,0,1,1982,29,33.0,246474.0,1627.0,1,0,0,0,0,0,0,0,1,0,0,0,1,0,0,0,0,0,1,0,0,10.0,9.0,0.0,1.0,0.0,0.0,0.0,1.0,0.0,0.0,1,0,0,0,0,0,1,0,0,0,0.7047808,0.3594162,1.020687,1.327139,0.8865203,-0.3118456,0.7661152,0.9541607,0.7355856,82791,70,175,160,16,16,16.0,16.0,4,1,0,0,0,0,1,0,8.0,30,1.096154,0,1,0,0,0,0,1,0,0,0,1,0,0,1,0,0
43,5604,25.6,12,4.75,0,1,1983,28,20.0,40000.0,251.0,1,0,0,0,0,0,1,0,0,0,1,0,0,0,0,0,0,0,1,0,0,13.0,11.0,0.0,1.0,0.0,0.0,0.0,1.0,0.0,0.0,0,0,1,0,0,1,0,0,0,0,-0.4403231,-0.6945896,-0.4832654,-0.957403,0.0637392,0.7470898,-0.5660921,-0.721356,-0.6285151,22774,70,180,190,12,12,12.0,12.0,2,0,0,1,0,1,0,0,2.0,40,0.6346154,0,1,0,0,0,1,0,0,0,1,0,1,0,0,0,0
44,4870,12.94,16,8.711538,0,1,1980,31,26.0,35025.0,220.0,1,0,0,0,0,0,1,0,0,0,0,0,1,0,0,0,1,0,0,0,0,,,0.0,0.0,0.0,1.0,0.0,0.0,0.0,1.0,0,0,1,0,0,0,1,0,0,0,1.716937,0.6986703,1.087479,1.285294,1.773261,1.292413,1.433943,1.339308,0.9521204,93080,62,122,225,12,12,12.0,12.0,1,1,0,0,0,1,0,0,7.0,40,4.903846,0,0,1,0,0,0,0,1,0,0,0,0,1,0,0,0
45,2279,27.0,12,10.73077,0,1,1983,28,24.0,18500.0,171.0,0,0,0,0,0,1,0,0,1,0,0,0,1,0,0,0,0,0,1,0,0,5.0,,1.0,0.0,0.0,0.0,,,,,0,0,0,1,0,0,1,0,0,0,0.5410739,-0.2256133,0.6098902,-0.3329857,-0.3091784,-0.8029175,0.4025076,0.1651332,0.204534,52083,71,155,165,12,13,,,3,1,0,0,0,0,1,0,3.0,40,5.153846,0,0,0,1,0,1,1,1,0,0,0,0,0,1,0,0
46,212,18.14,10,13.65385,0,1,1980,31,27.0,17900.0,113.0,1,0,0,0,0,0,0,1,0,0,0,1,0,0,0,0,0,0,0,1,0,,,1.0,0.0,0.0,0.0,0.0,0.0,0.0,1.0,0,1,0,0,0,0,1,0,0,0,0.5810314,-0.8220876,-0.797464,0.4944357,-0.287677,-0.0833625,-0.1261566,-0.1528805,-0.8640618,42507,65,155,180,8,12,8.0,12.0,1,1,0,0,0,0,1,0,2.0,50,10.23077,0,1,0,0,0,0,1,0,0,1,0,0,0,1,0,0
47,2886,35.98,17,4.788462,0,1,1984,27,25.0,55040.0,509.0,0,0,0,1,0,0,0,1,0,0,1,0,0,0,0,0,1,0,0,0,0,11.0,,0.0,1.0,0.0,0.0,,,,,0,0,0,1,0,0,1,0,0,0,0.3840175,0.148766,-0.0693208,0.5275644,0.5310962,-0.1998091,0.2324304,0.2766911,0.0419742,48068,73,176,192,14,20,,20.0,0,0,1,0,0,0,1,0,5.0,36,1.134615,0,0,1,0,0,1,1,0,0,0,1,0,0,1,0,0
48,6385,18.5,17,2.596154,0,1,1984,27,28.0,46750.0,294.0,1,0,0,0,0,0,1,0,0,0,0,0,1,0,0,0,1,0,0,0,0,8.0,7.0,0.0,1.0,0.0,0.0,0.0,0.0,0.0,1.0,0,0,1,0,0,1,0,0,0,0,-1.211152,0.211372,0.4811492,0.0271824,0.2753955,-0.4731564,-0.4757651,-0.1381513,0.3689136,56285,71,210,192,17,12,17.0,12.0,1,0,0,0,1,0,1,0,7.0,40,1.519231,0,1,0,0,0,0,1,0,0,0,1,0,1,0,0,0
49,1905,9.62,15,8.788462,0,1,1981,30,32.0,60700.0,481.0,1,0,0,0,0,0,0,1,0,0,0,0,1,0,0,0,0,0,1,0,0,,,,,,,,,,,0,1,0,0,0,1,0,0,0,0,0.3389035,0.5905014,0.6901824,0.5335148,1.052246,1.263619,0.5377203,0.6018757,0.6825672,71440,75,225,230,18,15,18.0,15.0,2,0,1,0,0,0,1,0,8.0,40,6.961538,0,1,0,0,0,0,0,0,0,1,0,0,1,0,0,0
50,2088,41.15,15,9.173077,0,1,1980,31,32.0,,,0,0,0,1,0,0,0,1,0,0,0,0,1,0,0,0,0,0,1,0,0,,,1.0,0.0,0.0,0.0,,,,,1,0,0,0,0,1,0,0,0,0,0.4361129,1.079998,0.4435957,0.7372057,1.003851,0.435904,0.6578921,0.7540506,0.8121057,76341,73,182,176,12,13,,13.0,2,1,0,0,0,0,1,0,9.0,50,2.230769,0,1,0,0,0,0,1,0,0,1,0,0,0,1,0,0
51,4839,20.0,16,5.634615,0,1,1984,27,32.0,88000.0,470.0,1,0,0,0,0,0,0,1,0,0,0,0,1,0,0,0,1,0,0,0,0,6.0,6.0,0.0,0.0,0.0,1.0,0.0,1.0,0.0,0.0,1,0,0,0,0,0,1,0,0,0,-0.5238547,0.7042524,0.8670343,0.2487499,-0.8219252,-0.5675969,0.1434264,0.3620829,0.8375391,54946,68,175,170,12,12,12.0,12.0,2,1,0,0,0,1,0,0,4.0,60,4.096154,0,1,0,0,0,1,1,1,0,0,0,0,1,0,0,0
52,1711,5.88,12,6.230769,0,1,1980,31,18.0,,,0,1,0,0,0,0,0,1,0,0,0,0,1,0,0,0,0,0,1,0,0,,,0.0,0.0,0.0,1.0,0.0,0.0,0.0,1.0,0,1,0,0,0,0,0,0,0,1,0.3647192,0.3708423,0.797231,0.2569663,1.74441,1.095117,0.5209641,0.5002009,0.6225146,66296,71,165,160,12,12,13.0,12.0,4,0,0,1,0,0,1,0,11.0,51,0.9038461,0,1,0,0,0,0,1,0,0,1,0,0,1,0,0,0
53,2668,11.0,13,7.826923,0,1,1980,31,32.0,53400.0,285.0,1,0,0,0,0,0,0,1,0,0,0,0,1,0,0,0,0,0,1,0,0,,,0.0,1.0,0.0,0.0,1.0,0.0,0.0,0.0,0,0,0,1,0,1,0,0,0,0,0.7366057,0.6417558,0.0287971,0.375701,1.083149,-0.3648136,0.5886309,0.4982704,0.3571984,71591,74,200,235,16,12,16.0,12.0,2,0,1,0,0,1,0,0,6.0,12,0.5576923,0,1,0,0,0,0,1,0,1,0,0,0,1,0,0,0
54,4031,26.42,12,7.307693,0,1,1981,30,22.0,52543.0,416.0,0,0,0,0,1,0,0,0,1,0,0,0,1,0,0,0,0,0,1,0,0,,,,,,,,,,,0,1,0,0,0,1,0,0,0,0,0.2174276,0.6417245,-0.836677,-0.482091,-0.4977852,-1.088353,0.0654767,-0.1292435,-0.1043557,37429,72,190,214,12,12,12.0,,1,0,0,1,0,0,1,0,3.0,40,7.0,0,1,0,0,0,1,1,0,0,1,0,0,0,1,0,0
55,5181,24.13,16,3.923077,0,1,1983,28,31.0,67897.0,427.0,1,0,0,0,0,0,0,1,0,0,0,0,1,0,0,0,1,0,0,0,0,14.0,12.0,0.0,1.0,0.0,0.0,0.0,1.0,0.0,0.0,0,1,0,0,0,1,0,0,0,0,-1.585819,-0.2335814,0.3051856,-0.1941085,-1.238175,-0.215392,-0.8522906,-0.4786705,0.0377928,40428,71,190,190,12,16,12.0,16.0,1,0,1,0,0,1,0,0,8.0,40,4.519231,0,0,1,0,0,1,0,0,1,0,0,0,1,0,0,0
56,1191,19.54,12,11.38461,0,1,1981,30,21.0,61200.0,385.0,1,0,0,0,0,0,0,1,0,0,0,0,1,0,0,0,0,0,1,0,0,,,,,,,,,,,0,0,1,0,0,1,0,0,0,0,0.2898869,0.4675659,0.5567351,0.9989124,0.7650566,-0.5485149,0.4403318,0.6466481,0.5458442,77237,68,165,180,12,12,12.0,12.0,1,0,1,0,0,0,1,0,4.0,40,9.634615,0,1,0,0,0,0,1,0,1,0,0,0,1,0,0,0
57,4051,18.5,12,10.15385,0,1,1981,30,,48068.0,257.0,0,0,1,0,0,0,0,0,1,0,0,0,1,0,0,0,0,0,1,0,0,,,,,,,,,,,0,1,0,0,0,1,0,0,0,0,-0.2194592,-1.285404,-0.837789,0.082959,0.3400428,-0.0364172,-0.704477,-0.6329607,-1.132642,27025,71,200,220,12,12,12.0,12.0,1,0,0,1,0,0,1,0,10.0,40,5.596154,0,1,0,0,0,0,1,0,0,1,0,0,0,1,0,0
58,3055,12.0,13,6.980769,0,1,1982,29,19.0,59888.0,376.0,1,0,0,0,0,0,0,1,0,0,0,0,1,0,0,0,0,0,1,0,0,3.0,2.0,1.0,0.0,0.0,0.0,0.0,0.0,1.0,0.0,0,0,1,0,0,1,0,0,0,0,-0.0368613,0.202332,-1.106685,0.0719438,-1.622513,-1.229133,-0.2692064,-0.2438775,-0.4826626,39081,69,180,204,11,12,11.0,12.0,1,0,1,0,0,0,1,0,14.0,40,0.2692308,0,1,0,0,0,1,1,0,1,0,0,0,0,1,0,0
59,3829,11.25,12,8.961538,0,1,1982,29,27.0,65035.0,395.0,1,0,0,0,0,0,0,1,0,0,0,0,1,0,0,0,0,0,1,0,0,9.0,8.0,0.0,1.0,0.0,0.0,1.0,0.0,0.0,0.0,0,0,0,1,0,1,0,0,0,0,-0.7326835,-0.0503688,-0.8620313,-1.165229,-1.194201,-0.4489868,-0.6538219,-0.7870413,-0.4869542,19140,69,120,120,12,14,12.0,14.0,1,0,0,1,0,1,0,0,10.0,30,1.5,0,1,0,0,0,0,0,0,0,1,0,0,1,0,0,0
60,8760,12.25,17,6.75,0,1,1981,30,21.0,11827.0,74.0,1,0,0,0,0,0,1,0,0,0,0,0,1,0,0,0,1,0,0,0,0,,,,,,,,,,,0,1,0,0,0,1,0,0,0,0,0.6958719,0.620097,0.6223467,0.2769631,1.330863,1.07131,0.7233922,0.6192746,0.6621746,76141,65,175,175,16,13,16.0,13.0,1,0,0,1,0,1,0,0,6.0,40,3.134615,0,1,0,0,0,0,0,0,0,1,0,0,1,0,0,0
61,285,16.73,12,10.75,0,1,1981,30,23.0,,,1,0,0,0,0,0,0,1,0,0,0,0,1,0,0,0,0,0,1,0,0,,,,,,,,,,,0,1,0,0,0,1,0,0,0,0,-0.099049,-0.1027183,-1.261484,-0.2425013,-0.3911196,0.1244121,-0.4297432,-0.4779511,-0.72789,28624,72,310,395,9,11,9.0,11.0,7,1,0,0,0,0,1,0,5.0,54,7.634615,0,0,0,1,0,0,0,0,0,1,0,0,1,0,0,0
62,3956,13.5,14,13.92308,0,1,1980,31,20.0,,,1,0,0,0,0,0,0,1,0,0,1,0,0,0,0,0,0,0,1,0,0,,,0.0,1.0,0.0,0.0,0.0,0.0,0.0,1.0,0,1,0,0,1,0,0,0,0,0,0.7930813,-0.2518034,0.2167353,1.25773,0.45585,0.8008866,0.4257737,0.5634385,-0.0190931,64517,69,132,147,12,12,12.0,12.0,4,0,0,1,0,1,0,0,7.0,33,4.019231,0,1,0,0,0,0,1,0,0,1,0,0,1,0,0,0
63,837,40.0,14,11.23077,0,1,1980,31,14.0,56750.0,303.0,0,0,0,1,0,0,0,1,0,0,0,0,1,0,0,0,0,0,1,0,0,,,0.0,0.0,1.0,0.0,,,,,0,1,0,0,0,1,0,0,0,0,-0.4206116,-0.546621,-2.201997,-0.617642,-0.4710034,-0.5624216,-0.9868824,-1.060312,-1.466167,13250,65,165,230,10,9,,9.0,4,0,1,0,0,1,0,0,3.0,40,1.942308,0,1,0,0,0,1,1,0,1,0,0,0,1,0,0,0
64,2947,10.64,8,9.461538,0,1,1983,28,20.0,10100.0,63.0,0,1,0,0,0,0,0,0,1,0,0,0,1,0,0,0,0,0,0,1,0,7.0,5.0,0.0,1.0,0.0,0.0,0.0,0.0,1.0,0.0,1,0,0,0,0,1,0,0,0,0,-0.3561425,-0.353102,-0.7012293,-2.414023,-1.436009,-3.765167,-0.4858863,-1.070841,-0.5626428,17531,72,205,215,9,11,9.0,11.0,1,0,1,0,0,0,1,0,11.0,70,3.615385,0,1,0,0,1,0,1,0,1,0,0,0,0,1,0,0
65,894,34.88,17,5.0,0,1,1982,29,27.0,,,1,0,0,0,0,0,0,1,0,0,0,1,0,0,0,0,1,0,0,0,0,11.0,8.0,0.0,1.0,0.0,0.0,0.0,1.0,0.0,0.0,0,1,0,0,0,0,1,0,0,0,0.146418,-0.2529848,-0.414983,0.4069453,1.037863,-0.5287781,-0.103526,-0.0326987,-0.356604,35079,74,180,210,15,15,15.0,15.0,3,0,0,0,1,0,1,0,4.0,40,5.288462,0,1,0,0,1,0,1,0,0,0,1,0,1,0,0,0
66,8823,10.0,12,7.884615,0,1,1982,29,28.0,,,1,0,0,0,0,0,0,0,1,0,0,0,1,0,0,0,0,0,1,0,0,10.0,12.0,0.0,0.0,0.0,1.0,0.0,0.0,0.0,1.0,0,0,1,0,0,0,0,0,0,1,-2.640068,-2.914311,-2.004118,-1.705896,-1.525244,-0.4271689,-2.802866,-2.593092,-2.623277,136,73,225,235,9,12,9.0,12.0,4,1,0,0,0,0,1,0,,40,1.153846,0,1,0,0,0,1,1,1,0,0,0,0,1,0,0,0
67,3750,8.5,12,10.48077,0,1,1980,31,20.0,33000.0,136.0,0,1,0,0,0,0,0,0,1,0,1,0,0,0,0,0,0,0,1,0,0,,,0.0,0.0,0.0,1.0,1.0,0.0,0.0,0.0,0,0,1,0,0,1,0,0,0,0,-3.002506,-1.380989,-2.610123,-2.552382,-2.557495,-2.520424,-2.747238,-2.671895,-2.128761,358,74,205,185,12,14,12.0,14.0,4,0,0,1,0,0,1,0,17.0,25,0.3269231,0,1,0,0,0,0,1,0,0,1,0,0,0,1,0,0
68,5790,10.0,18,4.826923,0,1,1980,31,31.0,8000.0,50.0,1,0,0,0,0,0,1,0,0,0,0,0,1,0,0,1,0,0,0,0,0,,,0.0,0.0,0.0,1.0,0.0,0.0,1.0,0.0,0,0,1,0,1,0,0,0,0,0,0.3178338,0.689564,1.396632,-0.302783,-0.0014769,0.1781409,0.7474843,0.5873648,1.112128,75420,70,240,270,14,16,14.0,16.0,1,0,0,1,0,1,0,0,11.0,40,1.692308,0,1,0,0,0,0,1,0,1,0,0,0,0,1,0,0
69,2778,22.5,17,6.192307,0,1,1983,28,25.0,78500.0,419.0,1,0,0,0,0,0,0,1,0,0,0,0,1,0,0,0,1,0,0,0,0,6.0,6.0,0.0,0.0,0.0,1.0,0.0,0.0,0.0,1.0,1,0,0,0,0,1,0,0,0,0,1.980669,1.488654,1.380548,1.090771,0.7123058,0.7258953,1.876491,1.661747,1.529688,97072,72,185,200,16,16,16.0,16.0,2,0,1,0,0,1,0,0,5.0,36,3.115385,0,1,0,0,0,0,1,0,1,0,0,0,1,0,0,0
70,5231,21.79,13,12.34615,0,1,1980,31,27.0,90578.0,472.0,1,0,0,0,0,0,0,1,0,0,0,0,1,0,0,0,0,0,1,0,0,,,0.0,1.0,0.0,0.0,1.0,0.0,0.0,0.0,0,1,0,0,0,1,0,0,0,0,1.022181,-1.057714,-0.2058477,-0.076975,0.7811224,-0.6724463,0.2141074,-0.0897147,-0.6742206,41245,70,279,271,14,12,14.0,12.0,2,0,1,0,0,1,0,0,4.0,45,9.211538,0,1,0,0,0,0,1,0,1,0,0,0,0,1,0,0
71,1171,29.07,20,0.0,0,1,1984,27,30.0,83400.0,435.0,1,0,0,0,0,0,0,1,0,0,0,0,1,0,0,1,0,0,0,0,0,12.0,12.0,0.0,0.0,0.0,1.0,0.0,0.0,0.0,1.0,0,1,0,0,0,1,0,0,0,0,0.8954947,1.059399,0.7780694,1.049149,0.5205451,0.4204432,0.9966037,1.057723,0.979488,83906,74,200,235,18,12,18.0,12.0,2,1,0,0,0,0,1,0,4.0,40,4.769231,0,1,0,0,0,0,1,1,0,0,0,0,1,0,0,0
72,6525,16.67,16,4.692307,0,1,1982,29,35.0,162501.0,868.0,1,0,0,0,0,0,0,0,1,0,0,0,1,0,0,0,1,0,0,0,0,13.0,13.0,0.0,1.0,0.0,0.0,0.0,1.0,0.0,0.0,1,0,0,0,0,0,1,0,0,0,0.0878113,-0.550079,0.1132458,-0.0902563,0.5782286,-0.5343884,-0.0722221,-0.1235524,-0.2333452,46528,69,195,180,17,16,17.0,16.0,2,0,0,0,1,0,1,0,5.0,30,1.826923,0,1,0,0,1,0,1,0,0,0,1,0,0,1,0,0
73,1049,13.29,8,10.94231,0,1,1983,28,23.0,26900.0,213.0,0,0,0,1,0,0,0,0,1,0,0,1,0,0,0,0,0,0,0,0,1,,,,,,,,,,,0,0,1,0,0,0,1,0,0,0,-1.006145,-1.143077,-1.302854,-0.4623217,-1.25598,-0.5831798,-1.225501,-1.095998,-1.304751,13881,73,195,230,8,10,,10.0,5,1,0,0,0,0,1,0,5.0,40,5.384615,0,1,0,0,0,0,1,1,0,0,0,0,0,1,0,0
74,827,13.46,17,1.846154,0,1,1983,28,23.0,44300.0,278.0,1,0,0,0,0,0,0,1,0,0,0,0,1,0,0,0,0,0,1,0,0,9.0,6.0,0.0,0.0,0.0,1.0,0.0,0.0,0.0,1.0,1,0,0,0,0,1,0,0,0,0,1.479848,1.271241,0.3407716,0.7981744,0.9548177,0.6171174,1.255795,1.087923,0.859257,84822,69,185,180,17,15,17.0,15.0,1,0,1,0,0,0,1,0,2.0,50,1.115385,1,0,0,0,0,0,1,0,1,0,0,0,1,0,0,0
75,2385,7.69,16,5.865385,0,1,1983,28,24.0,57250.0,360.0,1,0,0,0,0,0,0,1,0,0,0,0,1,0,0,0,1,0,0,0,0,11.0,,0.0,1.0,0.0,0.0,,,,,1,0,0,0,0,0,1,0,0,0,-0.1536827,-0.5705158,0.1272559,0.7780319,1.109953,-0.3890003,-0.2067063,0.0500455,-0.2367724,43562,71,180,195,14,14,14.0,14.0,1,1,0,0,0,0,1,0,5.0,45,5.923077,0,1,0,0,0,0,1,1,0,0,0,0,1,0,0,0
76,3333,11.0,11,6.038462,0,1,1984,27,21.0,,,0,1,0,0,0,0,0,1,0,0,0,0,1,0,0,0,0,0,0,1,0,12.0,11.0,0.0,0.0,0.0,1.0,0.0,0.0,0.0,1.0,0,1,0,0,0,0,0,0,0,1,-0.4141002,-0.783495,0.1086089,-0.9629802,0.4481707,0.3094835,-0.413472,-0.5748324,-0.3602934,30495,71,165,195,10,12,12.0,12.0,2,0,0,1,0,0,1,0,4.0,40,1.865385,0,1,0,0,0,0,1,0,1,0,0,0,1,0,0,0
77,2911,11.5,8,5.442307,0,1,1980,31,19.0,50025.0,313.0,0,0,0,0,1,0,0,1,0,0,0,0,1,0,0,0,0,0,0,0,1,,,,,,,1.0,0.0,0.0,0.0,0,1,0,0,0,1,0,0,0,0,0.8325077,-1.231873,-0.741861,-0.7257754,-0.7979245,-0.3517229,-0.0852765,-0.5230735,-1.052939,28553,65,155,165,12,12,12.0,,2,0,1,0,0,0,1,0,,40,0.4807692,0,1,0,0,0,0,1,0,1,0,0,0,1,0,0,0
78,1435,20.0,12,8.692307,0,1,1982,29,23.0,73600.0,393.0,0,1,0,0,0,0,0,1,0,0,0,0,1,0,0,0,0,0,1,0,0,8.0,,0.0,1.0,0.0,0.0,,,,,0,0,1,0,0,0,1,0,0,0,-0.5025188,0.904658,-1.334657,-1.206575,-0.7010995,-0.3327285,-0.3947729,-0.599213,-0.2297008,31243,76,220,250,12,13,14.0,13.0,2,0,0,1,0,0,1,0,9.0,60,2.980769,0,1,0,0,0,0,0,0,0,1,0,0,1,0,0,0
79,2976,12.89,16,3.923077,0,1,1983,28,20.0,34000.0,314.0,0,0,0,1,0,0,0,1,0,0,0,0,1,0,0,0,1,0,0,0,0,12.0,,0.0,1.0,0.0,0.0,,,,,1,0,0,0,0,1,0,0,0,0,0.7030417,0.6577011,-0.127406,0.8904058,0.9732822,1.009217,0.5316442,0.5936599,0.2824022,69353,68,160,175,16,16,,16.0,1,0,1,0,0,0,1,0,5.0,40,1.769231,1,0,0,0,0,1,1,0,1,0,0,0,1,0,0,0
80,144,30.23,13,5.903846,0,1,1982,29,22.0,69500.0,371.0,0,1,0,0,0,0,0,1,0,0,1,0,0,0,0,0,0,0,1,0,0,8.0,2.0,0.0,1.0,0.0,0.0,1.0,0.0,0.0,0.0,1,0,0,0,0,1,0,0,0,0,0.1165819,-0.3406333,1.009567,0.7366461,-0.5059031,-0.3688839,0.2474384,0.425319,0.3563348,62219,74,185,195,12,16,12.0,16.0,2,1,0,0,0,0,1,0,11.0,40,1.557692,0,1,0,0,0,1,1,1,0,0,0,0,0,1,0,0
81,4805,18.36,13,1.019231,0,1,1983,28,19.0,11850.0,74.0,0,0,0,1,0,0,1,0,0,0,0,0,1,0,0,0,0,0,1,0,0,6.0,,0.0,1.0,0.0,0.0,,,,,0,1,0,0,0,0,1,0,0,0,0.3854996,0.0999382,0.4575379,0.1992002,0.380274,-0.812268,0.364601,0.3189873,0.2968972,57602,70,190,200,10,11,,11.0,0,1,0,0,0,0,1,0,2.0,44,5.538462,0,1,0,0,0,0,1,1,0,0,0,0,1,0,0,0
82,3759,22.67,11,4.423077,0,1,1981,30,19.0,20186.0,109.0,0,0,0,0,0,1,0,0,1,0,1,0,0,0,0,0,0,0,0,0,1,,,,,,,,,,,1,0,0,0,0,1,0,0,0,0,-0.6861823,-0.5489287,-1.525043,-0.9114441,0.2734385,0.1290873,-0.9474493,-1.028055,-1.106393,14584,67,150,170,12,12,,,2,0,0,1,0,0,1,0,4.0,15,0.3269231,0,0,1,0,1,0,1,0,0,1,0,0,0,1,0,0
83,3163,33.33,12,8.057693,0,1,1981,30,33.0,53500.0,424.0,1,0,0,0,0,0,0,0,1,0,0,0,1,0,0,0,0,0,1,0,0,,,,,,,,,,,0,1,0,0,0,1,0,0,0,0,0.8983317,0.1351847,0.7535698,0.1444466,-0.5775784,-0.2577132,0.7374696,0.5398737,0.4735604,68766,73,210,210,14,14,14.0,14.0,1,0,1,0,0,0,1,0,5.0,40,4.288462,0,1,0,0,0,1,1,0,1,0,0,0,1,0,0,0
84,4037,34.4,12,11.65385,0,1,1981,30,,81000.0,422.0,1,0,0,0,0,0,0,0,1,0,0,0,1,0,0,0,0,0,1,0,0,,,,,,,,,,,0,0,1,0,0,1,0,0,0,0,0.5743961,0.0122492,-0.3017758,0.212295,-0.4954772,-0.1825972,0.2356689,0.1384932,-0.15479,50927,71,175,190,13,12,13.0,12.0,2,0,0,1,0,0,1,0,8.0,50,0.9230769,0,1,0,0,0,0,1,0,0,1,0,0,0,1,0,0
85,1150,10.0,13,0.9230769,0,1,1984,27,27.0,5760.0,53.0,0,0,0,1,0,0,0,1,0,0,0,0,1,0,0,0,0,0,0,1,0,5.0,,0.0,1.0,0.0,0.0,,,,,1,0,0,0,0,1,0,0,0,0,-0.1327877,-0.2553276,0.9782403,0.3240192,0.369037,-0.1592901,0.1252246,0.2551769,0.3851207,64591,72,180,185,14,16,,16.0,4,1,0,0,0,1,0,0,2.0,30,0.25,0,1,0,0,0,0,1,1,0,0,0,0,0,1,0,0
86,5385,17.12,15,8.769231,0,1,1982,29,32.0,42200.0,334.0,1,0,0,0,0,0,1,0,0,0,0,0,1,0,0,0,0,0,1,0,0,10.0,,0.0,1.0,0.0,0.0,,,,,1,0,0,0,0,0,1,0,0,0,-0.0006317,-0.0503688,0.1032373,0.0327189,0.0388005,0.3211857,0.0137352,0.0231444,0.0278015,38264,70,170,195,16,16,16.0,16.0,0,0,1,0,0,0,1,0,3.0,40,0.9038461,0,1,0,0,0,1,1,0,1,0,0,0,0,1,0,0
87,4921,19.0,12,11.21154,0,1,1981,30,,31300.0,197.0,1,0,0,0,0,0,1,0,0,0,0,0,1,0,0,0,0,0,1,0,0,,,,,,,,,,,0,1,0,0,0,1,0,0,0,0,0.2717721,0.8784893,0.2386857,-0.1863143,0.6522911,0.7350021,0.4558969,0.335905,0.5953717,66883,73,180,205,12,12,12.0,12.0,1,1,0,0,0,1,0,0,2.0,40,8.423077,0,1,0,0,0,0,0,1,0,0,0,0,1,0,0,0
88,2761,25.21,13,7.423077,0,1,1982,29,27.0,60000.0,475.0,1,0,0,0,0,0,0,0,1,0,0,0,1,0,0,0,0,0,1,0,0,11.0,0.0,0.0,0.0,1.0,0.0,1.0,0.0,0.0,0.0,1,0,0,0,0,1,0,0,0,0,0.570518,-0.4965793,0.245581,0.9274697,0.3825376,1.191409,0.2441246,0.3483174,-0.1342437,61233,67,150,175,12,12,12.0,12.0,1,0,1,0,0,0,1,0,10.0,45,1.634615,0,1,0,0,1,0,0,0,0,0,1,0,1,0,0,0
89,5671,79.17,18,2.826923,0,1,1984,27,34.0,91600.0,576.0,1,0,0,0,0,0,1,0,0,0,0,0,1,0,0,0,1,0,0,0,0,15.0,13.0,0.0,1.0,0.0,0.0,0.0,1.0,0.0,0.0,1,0,0,0,0,1,0,0,0,0,-0.2862309,0.6336784,0.0663506,-0.1721223,-1.397293,-0.6520634,0.0346085,0.0669995,0.3729173,60376,73,205,230,17,18,17.0,18.0,1,0,0,1,0,0,1,0,,40,1.153846,0,1,0,0,0,0,1,0,0,1,0,0,1,0,0,0
90,6001,10.5,9,6.365385,0,1,1984,27,23.0,27300.0,172.0,0,0,0,1,0,0,0,1,0,0,0,0,1,0,0,0,0,0,0,1,0,11.0,,0.0,1.0,0.0,0.0,,,,,0,0,1,0,0,1,0,0,0,0,0.3339353,-0.0823073,-0.218337,-0.4753198,-0.9679928,-0.8908137,0.1004635,-0.1243221,-0.1607187,51472,71,165,153,12,12,,12.0,4,0,0,1,0,0,1,0,5.0,35,2.980769,0,1,0,0,0,0,1,0,0,1,0,0,1,0,0,0
91,4693,14.5,12,7.25,0,1,1981,30,20.0,40700.0,322.0,0,0,0,0,1,0,0,0,1,0,0,1,0,0,0,0,0,0,1,0,0,,,,,,,,,,,1,0,0,0,0,0,1,0,0,0,0.3644773,0.2148651,0.2175566,-0.5128348,0.1018174,-0.8097066,0.3186846,0.0788611,0.2302085,43886,71,231,245,12,12,12.0,,1,0,0,0,1,0,1,0,11.0,40,1.153846,0,1,0,0,0,0,1,0,0,0,1,0,1,0,0,0
92,800,31.54,18,5.076923,0,1,1982,29,22.0,137017.0,732.0,1,0,0,0,0,0,0,1,0,0,0,0,1,0,0,1,0,0,0,0,0,8.0,3.0,0.0,1.0,0.0,0.0,0.0,0.0,1.0,0.0,0,1,0,0,0,0,1,0,0,0,1.233307,0.658787,-0.012417,0.8352383,2.841123,2.17041,0.8549588,0.7590884,0.3443022,73102,70,148,150,16,12,16.0,12.0,2,0,1,0,0,0,1,0,4.0,50,7.076923,0,1,0,0,0,0,0,0,1,0,0,0,1,0,0,0
93,4311,15.7,12,7.653846,0,1,1981,30,12.0,17000.0,83.0,0,0,0,1,0,0,0,0,1,0,0,1,0,0,0,0,0,0,1,0,0,,,,,,,,,,,0,1,0,0,0,1,0,0,0,0,0.4145595,-1.260361,-0.654299,0.6628508,0.7630783,-0.3362577,-0.2987365,-0.2349172,-1.021436,42883,71,185,186,7,11,,11.0,9,0,0,1,0,0,1,0,6.0,40,4.038462,0,1,0,0,0,0,1,0,0,1,0,0,0,1,0,0
94,1797,18.23,16,4.826923,0,1,1983,28,32.0,,,1,0,0,0,0,0,0,1,0,0,0,0,1,0,0,0,1,0,0,0,0,14.0,11.0,0.0,1.0,0.0,0.0,0.0,0.0,0.0,1.0,0,1,0,0,0,1,0,0,0,0,0.7350091,-0.4464419,-0.4676966,0.1122694,-0.7566134,-0.0314982,0.1523027,-0.0193383,-0.4878812,44904,76,185,220,14,14,14.0,14.0,2,0,1,0,0,1,0,0,2.0,40,5.173077,0,1,0,0,0,0,0,0,1,0,0,0,1,0,0,0
95,6454,28.57,20,4.519231,0,1,1981,30,24.0,42990.0,270.0,0,1,0,0,0,0,1,0,0,0,0,0,1,0,0,1,0,0,0,0,0,,,,,,,,,,,0,1,0,0,0,1,0,0,0,0,1.38317,1.052648,0.7602422,1.574564,0.9234889,-0.5213983,1.257862,1.334339,0.9663807,86211,72,200,205,10,12,14.0,12.0,2,0,0,0,1,1,0,0,5.0,50,7.134615,1,0,0,0,0,1,1,0,0,0,1,0,1,0,0,0
96,5510,9.5,14,6.788462,0,1,1984,27,28.0,45100.0,283.0,1,0,0,0,0,0,1,0,0,0,0,0,1,0,0,0,0,1,0,0,0,14.0,14.0,0.0,1.0,0.0,0.0,0.0,0.0,0.0,1.0,1,0,0,0,0,1,0,0,0,0,-0.7167243,-0.5683579,-0.6676095,-0.3523446,-0.326845,0.4955592,-0.7339628,-0.6456492,-0.6595051,28442,72,205,240,13,12,13.0,12.0,1,0,1,0,0,1,0,0,3.0,45,7.173077,0,1,0,0,0,0,0,0,1,0,0,1,0,0,0,0
97,3266,29.09,15,7.769231,0,1,1981,30,31.0,50000.0,396.0,1,0,0,0,0,0,0,1,0,0,0,0,1,0,0,0,0,0,1,0,0,,,,,,,,,,,0,0,1,0,0,0,1,0,0,0,0.4827564,0.6383097,0.5267094,-0.3220111,-0.7094679,-0.1286758,0.5849949,0.370361,0.6208859,66661,75,203,215,12,12,12.0,12.0,3,0,1,0,0,1,0,0,3.0,55,7.942307,0,0,0,1,0,0,1,0,0,1,0,0,1,0,0,0
98,2183,8.81,16,6.673077,0,1,1983,28,23.0,,,1,0,0,0,0,0,0,1,0,0,0,0,1,0,0,0,1,0,0,0,0,6.0,6.0,0.0,1.0,0.0,0.0,0.0,1.0,0.0,0.0,0,0,1,0,0,0,1,0,0,0,1.637553,0.7396582,1.266006,1.721549,2.250962,1.399757,1.450636,1.500598,1.069183,91840,70,180,185,14,14,14.0,14.0,2,1,0,0,0,0,1,0,7.0,60,0.9615384,0,1,0,0,1,0,1,1,0,0,0,0,0,1,0,0
99,3587,35.39,20,0.4807692,0,1,1981,30,34.0,100000.0,792.0,1,0,0,0,0,0,0,1,0,0,1,0,0,0,0,0,1,0,0,0,0,,,,,,,,,,,0,1,0,0,0,1,0,0,0,0,1.343743,1.058339,1.157248,1.38162,-0.6588553,0.9179609,1.34685,1.382002,1.18113,91661,69,194,198,12,14,12.0,14.0,2,0,0,1,0,0,1,0,10.0,50,4.788462,1,0,0,0,0,0,1,0,0,1,0,0,1,0,0,0
100,5436,20.0,11,10.59615,0,1,1982,29,26.0,11242.0,71.0,1,0,0,0,0,0,1,0,0,0,0,0,1,0,0,0,0,0,0,1,0,7.0,4.0,0.0,1.0,0.0,0.0,1.0,0.0,0.0,0.0,1,0,0,0,0,1,0,0,0,0,0.7804368,-0.0128052,0.5691907,-0.0128667,-0.1946439,-1.033395,0.5813476,0.3698548,0.2963156,59568,71,140,142,11,9,11.0,9.0,3,0,1,0,0,0,1,0,9.0,37,2.846154,0,1,0,0,0,0,0,0,1,0,0,0,1,0,0,0
101,3269,15.0,9,9.596154,0,1,1983,28,25.0,20250.0,108.0,0,0,0,1,0,0,0,1,0,0,0,0,1,0,0,0,0,0,0,0,1,,,,,,,,,,,0,1,0,0,0,1,0,0,0,0,-2.549101,-2.82661,-1.805506,-1.431282,-1.823764,-1.027019,-2.674199,-2.410672,-2.470593,892,72,200,200,10,10,,10.0,2,0,1,0,0,1,0,0,2.0,50,8.461538,0,1,0,0,0,0,0,0,1,0,0,0,1,0,0,0
102,1809,31.25,18,1.903846,0,1,1981,30,26.0,44500.0,212.0,1,0,0,0,0,0,0,1,0,0,0,0,1,0,0,1,0,0,0,0,0,,,,,,,,,,,0,1,0,0,0,0,0,0,1,0,1.206284,0.5586293,1.028249,1.112347,-0.2280713,0.8525072,1.098546,1.092253,0.8458536,92454,70,230,250,16,16,16.0,16.0,3,0,1,0,0,0,1,0,4.0,40,0.75,0,1,0,0,0,0,1,0,0,0,1,0,0,1,0,0
103,891,10.0,10,2.403846,0,1,1982,29,21.0,,,0,1,0,0,0,0,0,1,0,0,1,0,0,0,0,0,0,0,1,0,0,11.0,13.0,0.0,0.0,0.0,1.0,0.0,0.0,0.0,1.0,1,0,0,0,0,0,0,0,0,1,-0.5078467,-1.223948,-1.488122,-0.1316014,-1.490953,-0.8616572,-1.024781,-0.938487,-1.446676,17079,67,135,135,11,12,11.0,12.0,7,0,0,0,1,0,1,0,2.0,30,2.326923,1,0,0,0,0,0,1,0,0,0,1,0,0,1,0,0
104,1825,11.54,16,4.615385,0,1,1984,27,31.0,97500.0,772.0,1,0,0,0,0,0,0,1,0,0,0,0,1,0,0,0,1,0,0,0,0,8.0,,0.0,1.0,0.0,0.0,,,,,1,0,0,0,0,0,1,0,0,0,0.7228711,0.2250316,0.4822612,0.4978807,-0.4849475,-0.3911834,0.5911784,0.5388976,0.376791,70724,68,165,185,12,12,12.0,12.0,0,0,1,0,0,0,1,0,5.0,50,4.230769,0,1,0,0,0,0,1,0,1,0,0,0,1,0,0,0
105,3198,35.58,16,3.865385,0,1,1984,27,32.0,56500.0,269.0,1,0,0,0,0,0,0,0,1,0,0,0,1,0,0,0,1,0,0,0,0,13.0,14.0,0.0,0.0,0.0,1.0,0.0,0.0,0.0,1.0,0,1,0,0,0,0,1,0,0,0,0.8613963,0.441307,1.280721,1.268596,1.024033,-0.1789262,0.9461426,1.077285,0.9179259,91889,69,185,200,14,16,14.0,16.0,3,0,1,0,0,0,1,0,4.0,40,2.115385,0,1,0,0,0,0,1,0,0,0,1,0,1,0,0,0
106,2480,36.0,16,7.846154,0,1,1981,30,34.0,114750.0,598.0,1,0,0,0,0,0,0,0,1,0,0,0,1,0,0,0,1,0,0,0,0,,,,,,,,,,,0,1,0,0,0,0,0,1,0,0,1.994811,0.9274358,1.286247,1.737824,2.074884,2.328334,1.704135,1.663335,1.180114,96704,70,210,225,20,20,20.0,20.0,2,1,0,0,0,0,1,0,9.0,42,4.230769,0,1,0,0,0,0,1,1,0,0,0,0,0,1,0,0
107,1753,13.33,14,4.961538,0,1,1980,31,35.0,52800.0,488.0,0,0,0,1,0,0,0,1,0,0,0,0,1,0,0,0,0,1,0,0,0,,,0.0,0.0,0.0,1.0,,,,,0,1,0,0,0,0,1,0,0,0,0.637507,1.360018,0.9451351,0.4626318,-0.0387356,-0.8681841,0.983334,0.952277,1.228893,83275,70,187,230,18,18,,18.0,1,0,0,1,0,0,1,0,6.0,40,0.3076923,0,1,0,0,0,0,1,0,0,0,1,0,0,1,0,0
108,900,14.19,15,5.365385,0,1,1982,29,29.0,246474.0,1627.0,1,0,0,0,0,0,0,1,0,0,0,0,1,0,0,0,0,0,1,0,0,14.0,12.0,0.0,1.0,0.0,0.0,0.0,0.0,0.0,1.0,1,0,0,0,0,1,0,0,0,0,-0.3512067,1.4499,0.2122192,-0.9987888,-0.2968582,-0.8021255,0.2632683,0.0867129,0.8859779,46715,73,205,195,18,14,18.0,14.0,2,0,0,0,1,0,1,0,10.0,66,1.692308,1,0,0,0,0,1,1,0,0,0,1,0,1,0,0,0
109,4445,96.15,16,8.346154,0,1,1981,30,27.0,,,0,0,0,1,0,0,0,1,0,0,0,0,1,0,0,0,1,0,0,0,0,,,,,,,,,,,1,0,0,0,0,0,0,0,0,1,1.532351,0.8295427,1.288471,0.9787699,1.222054,1.198789,1.423691,1.294746,1.129096,84232,67,160,164,16,12,,12.0,1,0,0,0,1,0,1,0,4.0,40,2.596154,0,1,0,0,0,0,1,0,0,0,1,0,0,1,0,0
110,2350,22.81,16,7.442307,0,1,1982,29,23.0,,,1,0,0,0,0,0,0,1,0,0,0,0,1,0,0,0,1,0,0,0,0,,6.0,,,,,0.0,0.0,1.0,0.0,0,1,0,0,0,1,0,0,0,0,1.412324,0.694074,1.133005,2.14026,0.5849879,1.375303,1.277784,1.504767,0.9739476,92661,73,215,235,12,12,12.0,12.0,2,1,0,0,0,0,1,0,4.0,43,4.346154,0,1,0,0,0,0,1,1,0,0,0,0,1,0,0,0
111,4622,15.0,12,8.269231,0,1,1982,29,29.0,19188.0,121.0,0,0,0,1,0,0,0,1,0,0,0,0,1,0,0,0,0,0,1,0,0,7.0,,1.0,0.0,0.0,0.0,,,,,0,0,0,1,0,1,0,0,0,0,0.6632233,-0.0970388,-0.3326905,0.3815021,1.328515,1.456341,0.24596,0.1714661,-0.2295569,46357,72,350,415,13,14,,14.0,2,0,0,0,1,0,1,0,5.0,36,0.3653846,0,1,0,0,0,0,1,0,0,0,1,0,1,0,0,0
112,6133,15.63,18,4.0,0,1,1983,28,26.0,246474.0,1627.0,1,0,0,0,0,0,1,0,0,0,0,0,1,0,0,0,1,0,0,0,0,14.0,13.0,0.0,0.0,0.0,1.0,0.0,0.0,0.0,1.0,0,0,1,0,0,0,1,0,0,0,1.177224,-0.7367064,0.2317896,0.9116085,0.0480773,0.564131,0.5077796,0.4425996,-0.2696526,64904,73,250,275,14,13,14.0,13.0,2,0,0,1,0,1,0,0,6.0,20,7.346154,0,1,0,0,1,0,0,0,0,1,0,0,1,0,0,0
113,434,12.78,12,9.0,0,1,1982,29,30.0,246474.0,1627.0,0,0,1,0,0,0,0,0,1,0,0,0,1,0,0,0,0,0,1,0,0,9.0,,1.0,0.0,0.0,0.0,,,,,1,0,0,0,0,0,1,0,0,0,0.24232,0.7487121,-1.805059,-0.3531688,-0.5593183,-0.759113,-0.157542,-0.3272462,-0.5637176,34640,78,172,190,16,12,16.0,16.0,7,0,0,0,1,0,1,0,15.0,45,0.5192308,0,0,0,1,1,0,1,0,0,0,1,0,0,1,0,0
114,4776,16.0,16,4.115385,0,1,1983,28,29.0,13800.0,84.0,0,0,0,1,0,0,0,0,1,0,0,1,0,0,0,0,1,0,0,0,0,8.0,,0.0,0.0,1.0,0.0,,,,,1,0,0,0,0,0,1,0,0,0,0.5709101,-0.2461026,-0.035105,-0.3181439,1.640148,0.646104,0.236039,-0.0085876,-0.1503536,48138,70,160,180,2,2,,2.0,2,0,0,0,1,0,1,0,4.0,40,3.269231,0,0,1,0,0,0,1,0,0,0,1,0,0,1,0,0
115,2261,10.0,12,10.17308,0,1,1980,31,22.0,37100.0,198.0,0,0,1,0,0,0,0,1,0,0,0,0,1,0,0,0,0,0,1,0,0,,,1.0,0.0,0.0,0.0,1.0,0.0,0.0,0.0,0,0,1,0,0,0,1,0,0,0,-0.55594,0.8329888,-0.8764203,-0.2359947,-0.6741133,-0.5864213,-0.3179083,-0.2343901,-0.0235531,36480,67,170,180,11,13,11.0,14.0,2,1,0,0,0,0,1,0,16.0,45,0.6730769,0,1,0,0,0,0,1,1,0,0,0,0,1,0,0,0
116,8788,23.72,15,9.865385,0,1,1981,30,17.0,45800.0,218.0,0,0,1,0,0,0,0,1,0,0,0,0,1,0,0,0,0,1,0,0,0,,,,,,,,,,,0,1,0,0,0,1,0,0,0,0,0.5541502,-0.9291182,-0.8044272,-0.3336726,-0.3215479,-0.5494499,-0.1722536,-0.424032,-0.9248521,35592,72,228,250,14,11,14.0,18.0,1,0,0,1,0,1,0,0,5.0,48,7.980769,1,0,0,0,0,0,0,0,0,1,0,0,1,0,0,0
117,1326,16.24,9,12.63461,0,1,1983,28,22.0,32000.0,253.0,0,1,0,0,0,0,0,1,0,0,0,0,1,0,0,0,0,0,0,0,1,,,,,,,,,,,0,1,0,0,0,1,0,0,0,0,-0.1408958,0.7965727,-0.8380128,-0.6255819,-1.071005,-0.8855138,-0.0892646,-0.2267092,-0.0224911,33716,78,300,220,9,12,12.0,12.0,1,0,0,1,0,0,1,0,3.0,45,1.75,0,1,0,0,0,0,1,0,0,1,0,0,1,0,0,0
118,5312,3.15,15,2.923077,0,1,1984,27,41.0,73680.0,463.0,1,0,0,0,0,0,1,0,0,0,0,0,1,0,0,0,0,0,1,0,0,8.0,5.0,0.0,1.0,0.0,0.0,0.0,1.0,0.0,0.0,1,0,0,0,0,1,0,0,0,0,1.466644,1.354217,0.6335015,0.5360454,0.0844854,-0.3014182,1.351778,1.116011,1.059613,89868,70,180,170,20,16,20.0,16.0,1,0,1,0,0,1,0,0,3.0,35,2.038461,0,1,0,0,0,0,1,0,0,1,0,0,0,1,0,0
119,2603,10.0,13,7.0,0,1,1983,28,38.0,75000.0,471.0,1,0,0,0,0,0,0,1,0,0,0,0,1,0,0,0,0,1,0,0,0,11.0,7.0,1.0,0.0,0.0,0.0,1.0,0.0,0.0,0.0,0,0,1,0,0,0,1,0,0,0,0.7019761,0.8421044,1.061387,0.7398672,1.224037,0.9418927,0.9083934,0.9354991,1.014696,87654,75,170,180,16,17,16.0,17.0,1,0,1,0,0,1,0,0,3.0,32,2.423077,0,1,0,0,0,1,0,0,1,0,0,0,1,0,0,0
120,321,39.42,12,12.48077,0,1,1981,30,37.0,,,1,0,0,0,0,0,0,1,0,0,0,0,1,0,0,0,0,0,1,0,0,,,,,,,,,,,0,1,0,0,0,0,0,0,0,1,-0.2482298,0.8158832,0.5589592,0.5176129,-1.200427,-1.571152,0.240922,0.4594763,0.7327799,70777,74,200,230,12,12,12.0,12.0,1,1,0,0,0,0,1,0,4.0,40,2.480769,0,1,0,0,0,0,1,1,0,0,0,0,1,0,0,0
121,4396,15.0,9,6.788462,0,1,1984,27,21.0,6144.0,30.0,0,0,0,1,0,0,0,0,1,0,0,1,0,0,0,0,0,0,0,1,0,15.0,,1.0,0.0,0.0,0.0,,,,,0,0,1,0,0,0,1,0,0,0,-1.21648,-0.0675095,-1.298148,-0.9226952,-0.4762098,-1.129876,-1.044251,-0.9813893,-0.7286658,21052,67,150,168,12,12,,12.0,4,0,0,0,1,0,1,0,5.0,20,0.9615384,0,1,0,0,1,0,1,0,0,0,1,0,0,1,0,0
122,5301,17.2,16,5.038462,0,1,1984,27,28.0,69000.0,368.0,1,0,0,0,0,0,1,0,0,0,0,0,1,0,0,0,1,0,0,0,0,7.0,4.0,0.0,0.0,1.0,0.0,0.0,0.0,1.0,0.0,1,0,0,0,0,1,0,0,0,0,0.672789,-0.3794014,-0.1705184,0.3431016,-0.6760224,0.393015,0.2181904,0.1297642,-0.2936517,42699,74,190,230,14,16,14.0,16.0,2,0,1,0,0,1,0,0,8.0,40,1.865385,0,0,0,1,0,0,1,0,1,0,0,0,1,0,0,0
123,754,21.15,12,13.15385,0,1,1980,31,33.0,86300.0,525.0,1,0,0,0,0,0,0,1,0,0,0,1,0,0,0,0,0,0,1,0,0,,,0.0,1.0,0.0,0.0,0.0,1.0,0.0,0.0,0,1,0,0,0,0,1,0,0,0,0.5075065,0.2592897,0.4936385,0.5018566,0.0605112,0.760056,0.48536,0.4925147,0.4011272,64200,68,175,160,7,12,7.0,12.0,3,0,1,0,0,0,1,0,2.0,50,10.76923,0,0,0,1,0,0,1,0,1,0,0,0,1,0,0,0
124,6181,16.35,17,5.326923,0,1,1981,30,36.0,,,1,0,0,0,0,0,1,0,0,0,0,0,1,0,0,1,0,0,0,0,0,,,,,,,,,,,0,1,0,0,0,1,0,0,0,0,0.3772642,1.273477,1.059386,1.148391,0.5306231,-0.0719492,0.8479263,1.079104,1.24367,92771,73,145,175,13,14,13.0,14.0,3,0,0,1,0,1,0,0,7.0,40,2.519231,0,0,1,0,0,0,1,1,0,0,0,0,1,0,0,0
125,2329,50.96,16,7.019231,0,1,1981,30,32.0,130000.0,677.0,1,0,0,0,0,0,0,1,0,0,0,0,1,0,0,0,1,0,0,0,0,,,,,,,,,,,0,0,1,0,0,0,1,0,0,0,1.700712,-0.0993034,0.4777788,1.024356,0.4631946,-2.168339,1.038217,0.8678383,0.2014402,79688,69,165,158,20,20,20.0,20.0,2,1,0,0,0,0,1,0,8.0,40,3.076923,0,1,0,0,0,0,1,0,0,1,0,0,1,0,0,0
126,3872,8.5,12,9.807693,0,1,1981,30,25.0,18025.0,96.0,1,0,0,0,0,0,0,1,0,0,0,0,1,0,0,0,0,0,1,0,0,,,,,,,,,,,1,0,0,0,0,1,0,0,0,0,-2.955863,-1.184096,-1.666274,-1.578267,-1.766727,-1.149131,-2.408145,-2.06704,-1.520429,3956,74,150,150,14,12,14.0,12.0,2,0,0,1,0,0,1,0,2.0,30,8.769231,0,0,0,1,0,1,1,0,0,1,0,0,1,0,0,0
127,6464,15.0,10,8.634615,0,1,1981,30,26.0,61100.0,318.0,1,0,0,0,0,0,1,0,0,0,0,0,1,0,0,0,0,0,0,0,1,,,,,,,,,,,0,1,0,0,0,1,0,0,0,0,-0.729871,-2.065134,-1.973203,-1.262348,-2.368638,-1.89281,-1.511239,-1.688164,-2.153944,7415,71,160,165,12,12,12.0,12.0,1,0,0,0,1,0,1,0,5.0,48,1.673077,0,1,0,0,0,0,1,0,0,0,1,0,1,0,0,0
128,5906,9.5,17,4.538462,0,1,1981,30,27.0,45000.0,240.0,1,0,0,0,0,0,1,0,0,0,0,0,1,0,0,0,1,0,0,0,0,,,,,,,,,,,1,0,0,0,0,1,0,0,0,0,0.5157893,-0.2085795,0.5745281,0.0320727,0.417363,0.4111619,0.3835755,0.2550836,0.19476,60467,72,210,250,16,16,16.0,16.0,2,0,0,1,0,0,1,0,7.0,50,1.057692,0,1,0,0,0,0,1,0,0,1,0,0,0,1,0,0
129,1130,18.5,12,8.0,0,1,1984,27,22.0,5300.0,33.0,0,0,0,1,0,0,0,1,0,0,0,0,1,0,0,0,0,0,1,0,0,6.0,,0.0,1.0,0.0,0.0,,,,,1,0,0,0,0,1,0,0,0,0,0.652543,0.3821158,0.5189592,0.0791289,-1.035586,-1.054448,0.6057766,0.4562642,0.4801306,77228,73,155,155,12,15,,15.0,2,1,0,0,0,1,0,0,5.0,40,0.7307692,0,1,0,0,1,0,1,1,0,0,0,0,0,1,0,0
130,4997,17.5,14,7.5,0,1,1983,28,32.0,,,1,0,0,0,0,0,1,0,0,0,0,0,1,0,0,0,0,0,1,0,0,12.0,9.0,0.0,1.0,0.0,0.0,0.0,1.0,0.0,0.0,0,1,0,0,0,0,0,0,0,1,-0.4360608,-0.1117841,-0.7901942,-1.067657,-1.217567,-0.7156458,-0.4879427,-0.6738168,-0.4813964,24556,72,180,200,12,18,12.0,18.0,1,1,0,0,0,0,1,0,3.0,40,5.538462,0,0,0,1,0,0,0,1,0,0,0,1,0,0,0,0
131,8957,38.46,16,8.403846,0,1,1981,30,26.0,60100.0,378.0,1,0,0,0,0,0,0,1,0,0,0,0,1,0,0,0,1,0,0,0,0,,,,,,,,,,,0,1,0,0,0,1,0,0,0,0,1.775302,0.3195879,0.5422783,1.413424,1.103518,0.8765069,1.212039,1.132852,0.4592215,84276,76,225,240,14,18,14.0,18.0,2,0,1,0,0,0,1,0,5.0,45,8.307693,0,1,0,0,0,0,1,0,1,0,0,0,1,0,0,0
132,2068,17.31,16,5.365385,0,1,1983,28,35.0,60000.0,475.0,0,0,0,1,0,0,0,1,0,0,0,0,1,0,0,0,1,0,0,0,0,13.0,,0.0,0.0,0.0,1.0,,,,,0,0,1,0,0,1,0,0,0,0,0.8650095,1.150581,-0.2908789,0.8660228,0.3230669,0.4397689,0.7111737,0.7243388,0.4580676,75919,76,170,190,20,20,,20.0,2,0,0,1,0,1,0,0,6.0,40,2.634615,0,1,0,0,0,0,1,0,0,1,0,0,1,0,0,0
133,5252,9.35,10,9.115385,0,1,1982,29,32.0,19000.0,99.0,0,0,0,1,0,0,1,0,0,0,0,0,1,0,0,0,0,0,0,1,0,12.0,,0.0,1.0,0.0,0.0,,,,,0,0,1,0,0,1,0,0,0,0,0.338222,-0.0480923,-1.216779,0.1164693,0.003685,0.68648,-0.1621365,-0.2273422,-0.6749188,42654,72,175,220,12,12,,12.0,3,0,1,0,0,1,0,0,5.0,40,1.192308,0,1,0,0,0,0,0,0,1,0,0,0,1,0,0,0
134,1095,22.0,17,5.076923,0,1,1982,29,26.0,52030.0,327.0,1,0,0,0,0,0,0,1,0,0,1,0,0,0,0,1,0,0,0,0,0,7.0,6.0,0.0,1.0,0.0,0.0,0.0,0.0,1.0,0.0,0,1,0,0,0,1,0,0,0,0,0.3051891,-0.1755809,-0.2515101,0.7631494,0.267464,0.1581747,0.0499196,0.178812,-0.2281499,51129,71,180,180,15,14,15.0,14.0,1,1,0,0,0,0,1,0,9.0,16,0.5769231,0,0,1,0,0,0,1,1,0,0,0,0,1,0,0,0
135,3084,132.89,20,4.173077,0,1,1980,31,25.0,80000.0,427.0,1,0,0,0,0,0,0,1,0,0,0,0,1,1,0,0,0,0,0,0,0,,,0.0,1.0,0.0,0.0,0.0,0.0,0.0,1.0,0,1,0,0,0,1,0,0,0,0,1.41751,2.146578,1.394408,1.875787,0.8498698,-0.7382117,1.751591,1.911814,1.887934,99166,69,145,140,18,15,18.0,15.0,2,0,1,0,0,0,1,0,4.0,35,1.75,0,1,0,0,1,0,1,0,0,0,1,0,1,0,0,0
136,3556,9.1,17,5.403846,0,1,1983,28,,66500.0,355.0,0,0,0,0,0,1,0,0,1,0,0,0,1,0,0,0,1,0,0,0,0,7.0,,0.0,1.0,0.0,0.0,,,,,1,0,0,0,0,1,0,0,0,0,1.460667,1.059518,1.202619,1.949477,1.500346,2.389356,1.423899,1.586651,1.205954,93668,70,160,165,12,12,,17.0,4,0,0,1,0,0,1,0,,40,1.365385,0,1,0,0,0,0,1,0,0,1,0,0,0,1,0,0
137,1779,27.65,14,7.903846,0,1,1984,27,28.0,43500.0,207.0,1,0,0,0,0,0,0,1,0,0,0,0,1,0,0,0,0,1,0,0,0,8.0,7.0,1.0,0.0,0.0,0.0,1.0,0.0,0.0,0.0,0,0,1,0,0,0,0,0,0,1,0.0558195,-0.8176438,-0.6531527,-0.2940373,-0.7879636,-0.7144003,-0.3739223,-0.4788638,-0.7847342,31027,74,140,164,12,13,12.0,13.0,5,0,1,0,0,0,1,0,1.0,40,6.288462,0,1,0,0,0,1,1,0,1,0,0,0,1,0,0,0
138,5509,10.14,14,10.84615,0,1,1980,31,24.0,45100.0,283.0,1,0,0,0,0,0,1,0,0,0,0,0,1,0,0,0,0,1,0,0,0,,,0.0,0.0,0.0,1.0,0.0,0.0,0.0,1.0,0,1,0,0,0,1,0,0,0,0,0.3370141,0.0635035,-0.6195343,0.1074878,1.849098,2.003989,0.0319789,-0.0318381,-0.2969106,39130,75,220,230,13,12,13.0,12.0,1,0,1,0,0,1,0,0,2.0,40,3.173077,0,1,0,0,0,1,0,0,1,0,0,1,0,0,0,0
139,4004,18.0,16,3.0,0,1,1983,28,28.0,71100.0,380.0,1,0,0,0,0,0,0,1,0,0,0,1,0,0,0,0,0,0,1,0,0,9.0,7.0,0.0,1.0,0.0,0.0,0.0,0.0,0.0,1.0,1,0,0,0,0,1,0,0,0,0,1.146322,0.8694234,0.8000526,0.7324463,1.438852,-0.2749238,1.088289,0.9922795,0.8899012,81914,68,145,210,17,12,17.0,12.0,2,0,0,1,0,1,0,0,4.0,40,4.25,0,1,0,0,0,0,1,0,0,1,0,0,0,1,0,0
140,4740,19.05,18,7.826923,0,1,1980,31,30.0,47148.0,171.0,1,0,0,0,0,0,0,1,0,0,0,1,0,0,0,0,1,0,0,0,0,,,0.0,1.0,0.0,0.0,0.0,1.0,0.0,0.0,0,1,0,0,0,0,1,0,0,0,-0.5793827,-0.1698463,-0.2002874,0.1509532,0.6751162,0.3395935,-0.420565,-0.2240915,-0.1977759,33212,71,235,240,12,12,12.0,12.0,6,0,0,0,1,0,1,0,4.0,42,6.634615,0,1,0,0,0,0,1,0,0,1,0,1,0,0,0,0
141,3456,21.0,16,1.615385,0,1,1984,27,29.0,,,1,0,0,0,0,0,0,1,0,0,0,0,1,0,0,0,1,0,0,0,0,16.0,7.0,0.0,0.0,0.0,1.0,0.0,0.0,0.0,1.0,1,0,0,0,0,1,0,0,0,0,1.085168,1.547727,1.527598,1.265416,1.282372,1.261056,1.440988,1.517708,1.639608,98818,73,185,210,16,14,16.0,14.0,1,0,0,1,0,0,1,0,3.0,40,3.326923,0,1,0,0,0,0,1,0,0,1,0,0,1,0,0,0
142,1360,15.38,16,7.596154,0,1,1981,30,32.0,103750.0,652.0,1,0,0,0,0,0,0,1,0,0,0,1,0,0,0,0,1,0,0,0,0,,,,,,,,,,,1,0,0,0,0,1,0,0,0,0,1.668744,0.5267571,0.4677702,2.419488,-1.275604,1.773847,1.189931,1.421684,0.5299666,87685,66,125,145,16,12,16.0,12.0,1,0,0,1,0,0,1,0,4.0,45,6.711538,0,1,0,0,0,0,1,0,0,1,0,0,0,1,0,0
143,2945,33.17,18,3.403846,0,1,1981,30,31.0,,,1,0,0,0,0,0,0,1,0,0,0,0,1,0,0,1,0,0,0,0,0,,,,,,,,,,,0,1,0,0,0,1,0,0,0,0,1.514236,0.9149146,1.185049,1.05828,-0.2361495,0.0595817,1.408776,1.306875,1.119471,85093,74,172,175,19,16,19.0,16.0,2,0,1,0,0,0,1,0,,40,0.5384616,1,0,0,0,0,1,1,0,0,1,0,0,0,1,0,0
144,4448,14.18,17,3.25,0,1,1983,28,28.0,,,1,0,0,0,0,0,0,1,0,0,0,0,1,0,0,0,0,0,1,0,0,11.0,4.0,0.0,0.0,0.0,1.0,0.0,0.0,0.0,1.0,0,1,0,0,0,1,0,0,0,0,2.170342,0.980976,1.632986,0.875564,1.18414,0.4544181,1.910593,1.583177,1.393574,95997,74,200,190,15,16,15.0,16.0,0,0,0,0,1,0,1,0,6.0,40,2.596154,1,0,0,0,0,0,0,0,0,0,1,1,0,0,0,0
145,6353,10.81,9,7.730769,0,1,1983,28,24.0,1560.0,12.0,0,0,0,1,0,0,0,0,1,0,0,0,1,0,0,0,0,0,0,1,0,,9.0,,,,,0.0,1.0,0.0,0.0,1,0,0,0,0,0,1,0,0,0,-0.5053234,-0.7401213,-1.398491,-0.8874344,-1.648186,-1.250185,-0.865817,-0.9888154,-1.140865,15953,66,135,135,18,14,,14.0,3,0,0,0,1,0,1,0,8.0,38,2.807692,0,1,0,0,0,0,1,0,0,0,1,0,0,1,0,0
146,1816,13.5,12,9.346154,0,1,1980,31,29.0,68000.0,354.0,1,0,0,0,0,0,0,1,0,0,0,1,0,0,0,0,0,0,1,0,0,,,0.0,1.0,0.0,0.0,0.0,1.0,0.0,0.0,0,1,0,0,0,0,1,0,0,0,-0.439792,-0.289367,-0.4271478,-0.6367244,-1.239095,-0.8728594,-0.4390305,-0.5023744,-0.382493,27256,70,182,190,16,14,16.0,14.0,0,0,1,0,0,0,1,0,5.0,40,4.115385,1,0,0,0,0,0,1,0,1,0,0,0,1,0,0,0
147,3687,11.63,10,10.01923,0,1,1981,30,29.0,11849.0,64.0,0,0,0,0,1,0,0,0,1,0,0,1,0,0,0,0,0,0,0,1,0,,,,,,,,,,,0,1,0,0,0,0,1,0,0,0,-0.2812628,-0.9928626,-0.3840683,-0.0357757,-0.7544752,0.0810879,-0.5333803,-0.4746538,-0.7346777,30579,66,180,185,14,16,14.0,,2,0,0,1,0,0,1,0,4.0,50,2.230769,0,1,0,0,1,0,1,0,0,1,0,0,1,0,0,0
148,5692,13.21,12,11.61539,0,1,1980,31,15.0,24000.0,128.0,1,0,0,0,0,0,1,0,0,0,0,0,1,0,0,0,0,0,1,0,0,,,0.0,0.0,0.0,1.0,0.0,0.0,0.0,1.0,0,1,0,0,0,1,0,0,0,0,-2.820292,-2.474887,-2.304306,-2.794091,-1.232995,-0.7609647,-2.863653,-2.909073,-2.549026,0,69,222,230,8,7,8.0,7.0,1,0,0,1,0,1,0,0,6.0,40,8.596154,0,0,0,1,0,0,0,0,0,1,0,1,0,0,0,0
149,5355,28.37,20,5.576923,0,1,1980,31,25.0,55428.0,348.0,1,0,0,0,0,0,1,0,0,0,0,0,1,0,0,0,1,0,0,0,0,,,0.0,0.0,0.0,1.0,0.0,0.0,0.0,1.0,1,0,0,0,0,0,1,0,0,0,0.7110319,0.3139277,0.7182747,0.3863023,-0.5186485,-0.5340583,0.6739523,0.5952813,0.5500578,73382,72,192,196,14,16,14.0,16.0,1,0,1,0,0,1,0,0,7.0,40,3.403846,0,1,0,0,0,1,0,0,0,0,1,1,0,0,0,0
150,1485,24.8,14,6.153846,0,1,1983,28,26.0,75126.0,472.0,1,0,0,0,0,0,0,1,0,0,0,0,1,0,0,0,0,1,0,0,0,12.0,10.0,0.0,1.0,0.0,0.0,0.0,0.0,0.0,1.0,1,0,0,0,0,1,0,0,0,0,-0.1281089,0.1796186,-0.4432312,0.6614174,-0.2465308,-0.6243222,-0.1432872,0.0748404,-0.1409706,49125,67,144,155,13,13,13.0,13.0,1,0,0,1,0,0,1,0,7.0,40,2.480769,0,1,0,0,0,0,1,0,0,1,0,0,1,0,0,0
151,4483,14.1,9,11.59615,0,1,1983,28,24.0,4900.0,31.0,0,0,0,1,0,0,0,1,0,0,0,1,0,0,0,0,0,0,0,0,1,,,,,,,,,,,0,1,0,0,0,1,0,0,0,0,-0.9102429,-0.6228772,-0.3787317,-1.607264,-0.5200366,-0.9568896,-0.7759168,-0.9853861,-0.5345272,17202,74,310,210,9,8,,8.0,15,0,0,0,1,0,1,0,3.0,40,1.346154,0,1,0,0,0,0,1,0,0,0,1,0,0,1,0,0
152,1446,34.07,18,3.365385,0,1,1984,27,27.0,59000.0,315.0,1,0,0,0,0,0,0,1,0,0,0,0,1,0,0,1,0,0,0,0,0,8.0,6.0,0.0,1.0,0.0,0.0,1.0,0.0,0.0,0.0,0,0,1,0,0,0,1,0,0,0,-0.7966426,0.7736883,-1.319277,0.2625316,0.8796142,-0.5725838,-0.5881774,-0.3027622,-0.291342,49542,73,185,210,16,16,16.0,16.0,2,0,0,1,0,0,1,0,6.0,35,3.596154,0,1,0,0,0,1,1,0,0,1,0,0,1,0,0,0
153,4294,19.66,16,5.403846,0,1,1982,29,29.0,73000.0,459.0,1,0,0,0,0,0,0,0,1,0,0,0,1,0,0,0,1,0,0,0,0,5.0,3.0,0.0,1.0,0.0,0.0,0.0,0.0,0.0,1.0,0,1,0,0,0,1,0,0,0,0,0.5865017,0.5404046,0.3979334,0.324255,1.063417,1.377485,0.5797215,0.516805,0.5000021,77112,74,170,165,20,18,20.0,18.0,1,0,0,1,0,0,1,0,6.0,45,2.480769,1,0,0,0,0,0,1,0,0,1,0,0,0,1,0,0
154,3997,12.86,12,12.88461,0,1,1980,31,24.0,,,1,0,0,0,0,0,0,0,1,0,0,0,1,0,0,0,0,0,1,0,0,,,,,,,,,,,0,0,1,0,0,1,0,0,0,0,-0.2511847,-1.45384,-1.992929,-1.08622,-1.10803,-1.38371,-1.085612,-1.339388,-1.838475,13266,68,147,162,11,12,11.0,12.0,2,0,0,1,0,0,1,0,11.0,35,4.461538,0,1,0,0,1,0,1,0,0,1,0,0,0,1,0,0
155,4120,22.65,10,11.96154,0,1,1980,31,20.0,,,1,0,0,0,0,0,0,1,0,0,0,0,1,0,0,0,0,0,0,1,0,,,0.0,0.0,0.0,1.0,0.0,0.0,0.0,1.0,0,1,0,0,0,1,0,0,0,0,0.1249642,0.2911619,-0.4894232,0.5177586,-0.750774,0.2713346,0.0137522,0.1237452,-0.1061203,49276,66,178,182,7,10,7.0,10.0,3,0,0,1,0,0,1,0,4.0,45,1.384615,0,1,0,0,0,0,0,0,0,1,0,1,0,0,0,0
156,4008,25.64,17,3.865385,0,1,1983,28,22.0,78200.0,491.0,1,0,0,0,0,0,0,1,0,0,0,0,1,0,0,0,1,0,0,0,0,13.0,7.0,0.0,0.0,0.0,1.0,0.0,0.0,0.0,1.0,1,0,0,0,0,0,1,0,0,0,1.034436,0.352639,0.9290516,0.6815599,0.732419,-0.097887,0.9202421,0.8382165,0.6831042,76716,69,175,200,12,13,12.0,13.0,1,0,0,1,0,1,0,0,5.0,45,3.865385,0,1,0,0,0,0,1,0,0,1,0,0,0,1,0,0
157,5961,16.35,12,7.346154,0,1,1984,27,22.0,14468.0,78.0,0,0,0,1,0,0,0,0,1,0,1,0,0,0,0,0,0,0,1,0,0,14.0,,0.0,0.0,0.0,1.0,,,,,1,0,0,0,0,1,0,0,0,0,0.1389346,-1.672501,-1.664016,-0.3184204,-0.4940149,-0.9039045,-0.8409181,-0.984515,-1.77968,23181,73,235,285,12,12,,12.0,4,0,0,1,0,0,1,0,2.0,40,5.480769,1,0,0,0,0,0,1,0,0,1,0,0,0,1,0,0
158,222,16.0,15,4.807693,0,1,1981,30,,35000.0,220.0,1,0,0,0,0,0,0,1,0,0,0,1,0,0,0,0,0,1,0,0,0,,,,,,,,,,,1,0,0,0,0,0,1,0,0,0,0.2728376,0.6144056,-0.3462582,0.7964274,0.0945634,1.14175,0.2231818,0.3736205,0.1426048,62197,65,140,150,12,9,12.0,9.0,1,1,0,0,0,0,1,0,4.0,40,5.442307,0,1,0,0,0,0,1,1,0,0,0,0,1,0,0,0
159,3500,14.0,13,9.5,0,1,1982,29,28.0,,,0,1,0,0,0,0,0,0,1,0,0,0,1,0,0,0,0,0,1,0,0,8.0,7.0,0.0,0.0,1.0,0.0,0.0,0.0,1.0,0.0,0,0,1,0,0,0,0,0,0,1,-2.44187,0.0145138,-1.937394,-0.6309233,-1.344226,-0.4979213,-1.870808,-1.398573,-1.02582,17147,71,185,210,15,14,12.0,14.0,5,0,0,1,0,0,1,0,5.0,40,5.0,0,0,0,1,0,0,1,0,0,1,0,0,1,0,0,0
160,2352,14.0,13,10.23077,0,1,1980,31,27.0,40200.0,318.0,0,0,0,1,0,0,0,1,0,0,0,0,1,0,0,0,0,0,1,0,0,,,0.0,0.0,0.0,1.0,,,,,0,1,0,0,0,1,0,0,0,0,1.193739,0.7874571,0.5737068,0.8941052,0.9896727,0.8828596,1.029628,0.9645101,0.7254854,80593,72,200,215,16,16,,16.0,2,1,0,0,0,0,1,0,10.0,40,3.461539,0,1,0,0,0,1,1,1,0,0,0,0,0,1,0,0
161,3496,9.5,10,4.692307,0,1,1983,28,22.0,19700.0,156.0,0,0,0,1,0,0,0,0,1,0,1,0,0,0,0,0,0,0,1,0,0,13.0,,0.0,1.0,0.0,0.0,,,,,1,0,0,0,0,1,0,0,0,0,0.3865651,0.8694234,-0.309784,0.5946292,1.74022,-0.3363256,0.3657811,0.4305441,0.2980508,62671,68,145,155,12,14,,14.0,2,0,0,1,0,0,1,0,,40,0.9423077,0,1,0,0,0,1,1,0,0,1,0,0,0,1,0,0
162,1261,28.0,14,7.769231,0,1,1981,30,19.0,65000.0,310.0,1,0,0,0,0,0,0,1,0,0,0,0,1,0,0,0,0,0,1,0,0,,,,,,,,,,,0,1,0,0,0,0,1,0,0,0,-0.5135587,-0.8756185,-0.8822714,-2.41259,-0.4806396,-0.063222,-0.7657257,-1.311368,-0.9378345,13241,73,140,135,13,12,13.0,12.0,3,0,1,0,0,0,1,0,1.0,40,10.19231,0,1,0,0,0,0,1,0,1,0,0,0,0,1,0,0
163,1364,21.22,15,3.173077,0,1,1980,31,25.0,,,0,0,0,0,0,1,0,1,0,0,0,0,1,0,0,0,0,0,1,0,0,,,0.0,1.0,0.0,0.0,,,,,0,0,1,0,0,1,0,0,0,0,-0.4685626,-0.2301758,-2.119704,-0.2794601,-1.369501,-0.138219,-0.9036676,-0.8675178,-1.253529,20042,72,185,210,10,12,,,3,0,0,1,0,0,1,0,6.0,40,1.461538,0,1,0,0,0,1,1,0,0,1,0,0,0,1,0,0
164,4002,27.89,12,10.23077,0,1,1982,29,21.0,,,1,0,0,0,0,0,0,0,1,0,0,0,1,0,0,0,0,0,1,0,0,8.0,6.0,0.0,1.0,0.0,0.0,0.0,0.0,0.0,1.0,0,1,0,0,0,0,1,0,0,0,1.064946,0.6986272,-0.1536487,1.526444,0.2185,0.303108,0.7345713,0.8770239,0.2902324,80175,70,200,230,14,12,14.0,12.0,2,0,0,1,0,0,1,0,5.0,36,5.211538,0,1,0,0,0,0,0,0,0,1,0,0,1,0,0,0
165,4025,47.4,12,6.538462,0,1,1982,29,29.0,26000.0,206.0,1,0,0,0,0,0,0,0,1,0,0,0,1,0,0,0,0,0,1,0,0,9.0,6.0,1.0,0.0,0.0,0.0,1.0,0.0,0.0,0.0,1,0,0,0,0,0,0,0,1,0,0.5726491,-1.176139,-0.6029212,-0.5291507,-0.1943141,0.2311089,-0.1745941,-0.4862928,-0.9491243,30962,67,145,180,12,12,12.0,12.0,1,0,0,1,0,0,1,0,5.0,50,1.0,0,1,0,0,1,0,0,0,0,1,0,0,1,0,0,0
166,2833,11.3,16,1.384615,0,1,1983,28,30.0,87020.0,453.0,1,0,0,0,0,0,0,0,1,0,0,0,1,0,0,0,1,0,0,0,0,12.0,12.0,0.0,1.0,0.0,0.0,0.0,1.0,0.0,0.0,1,0,0,0,0,0,1,0,0,0,1.134601,1.355474,0.9868788,0.52042,-0.3853445,-0.5417258,1.266744,1.11796,1.248731,87070,71,212,230,12,16,12.0,16.0,2,0,1,0,0,0,1,0,3.0,40,7.153846,0,1,0,0,0,0,1,0,1,0,0,0,1,0,0,0
167,3332,11.11,12,6.442307,0,1,1982,29,20.0,41500.0,222.0,0,1,0,0,0,0,0,1,0,0,0,0,1,0,0,0,0,0,0,1,0,6.0,4.0,0.0,0.0,0.0,1.0,0.0,0.0,1.0,0.0,0,1,0,0,0,1,0,0,0,0,0.063303,0.2968102,0.0109362,0.0973869,0.6921481,0.4093924,0.1189087,0.1304541,0.163722,57429,71,185,200,10,12,13.0,12.0,2,0,0,1,0,1,0,0,11.0,54,0.5961539,0,1,0,0,0,0,1,0,0,1,0,0,1,0,0,0
168,5629,9.5,12,6.038462,0,1,1983,28,24.0,22000.0,203.0,0,0,0,0,1,0,1,0,0,0,1,0,0,0,0,0,0,0,1,0,0,5.0,6.0,0.0,0.0,1.0,0.0,0.0,0.0,0.0,1.0,1,0,0,0,0,1,0,0,0,0,-1.148932,-0.0719439,-0.8847193,-0.5852969,-0.0524884,-0.1652108,-0.8947433,-0.7536237,-0.5105587,22291,69,215,200,12,12,12.0,,1,0,0,1,0,1,0,0,,40,0.4807692,0,1,0,0,0,1,0,0,0,1,0,0,1,0,0,0
169,631,64.9,14,9.730769,0,1,1981,30,22.0,,,1,0,0,0,0,0,0,1,0,0,0,0,1,0,0,0,0,0,1,0,0,,,,,,,,,,,0,0,1,0,0,1,0,0,0,0,1.615466,0.6735967,-0.2595175,0.9459059,0.6331671,-0.6183322,1.001152,0.8319942,0.2204269,73932,73,250,210,13,13,13.0,13.0,2,0,0,0,1,0,1,0,4.0,40,10.53846,0,0,0,1,1,0,1,0,0,0,1,0,0,1,0,0
170,1449,39.0,12,10.94231,0,1,1980,31,31.0,133500.0,1627.0,1,0,0,0,0,0,0,1,0,0,0,0,1,0,0,0,0,0,1,0,0,,,0.0,0.0,0.0,1.0,0.0,0.0,1.0,0.0,0,1,0,0,0,0,1,0,0,0,-0.3140538,-0.0503257,-0.2214166,0.496556,-0.1628766,-1.189219,-0.2477112,-0.025601,-0.145306,41118,69,155,140,16,17,16.0,17.0,1,0,0,1,0,0,1,0,11.0,40,4.019231,0,1,0,0,0,1,1,0,0,1,0,0,1,0,0,0
171,580,12.0,13,9.596154,0,1,1983,28,28.0,40305.0,253.0,1,0,0,0,0,0,0,0,1,0,0,0,1,0,0,0,0,0,1,0,0,8.0,5.0,0.0,1.0,0.0,0.0,0.0,1.0,0.0,0.0,1,0,0,0,0,1,0,0,0,0,-0.3582736,-0.2039858,0.2740479,-0.8535101,-0.1357437,-0.9135655,-0.1780901,-0.3201178,0.0369705,36129,66,139,140,12,12,12.0,12.0,1,0,0,0,1,0,1,0,1.0,40,8.211538,0,1,0,0,0,0,1,0,0,0,1,0,1,0,0,0
172,5426,18.75,13,5.980769,0,1,1984,27,30.0,27000.0,214.0,0,0,0,1,0,0,1,0,0,0,0,0,1,0,0,0,0,0,1,0,0,7.0,,0.0,0.0,0.0,1.0,,,,,0,0,0,1,0,1,0,0,0,0,-1.239923,0.0656707,-1.172485,-1.649945,-1.031629,-1.131434,-0.9860086,-1.119024,-0.5906308,19493,76,188,180,9,12,,12.0,3,0,1,0,0,0,1,0,7.0,62,2.403846,0,1,0,0,0,0,1,0,1,0,0,0,1,0,0,0
173,5342,9.42,13,6.403846,0,1,1982,29,19.0,14000.0,67.0,1,0,0,0,0,0,1,0,0,0,0,0,1,0,0,0,0,0,1,0,0,13.0,6.0,0.0,1.0,0.0,0.0,0.0,1.0,0.0,0.0,0,1,0,0,0,1,0,0,0,0,-0.2979279,0.6906592,0.4713294,-1.262761,-1.244484,0.3324063,0.1551201,-0.1121976,0.6192698,52789,64,170,185,12,14,12.0,14.0,4,0,1,0,0,0,1,0,6.0,40,1.634615,0,1,0,0,0,0,0,0,1,0,0,1,0,0,0,0
174,3197,43.58,18,4.461538,0,1,1981,30,29.0,56500.0,269.0,1,0,0,0,0,0,0,0,1,0,0,0,1,0,0,0,1,0,0,0,0,,,,,,,,,,,0,1,0,0,0,0,1,0,0,0,1.215874,0.5301719,1.020464,1.337094,0.2492039,-0.3524653,1.093858,1.147687,0.8265267,90799,70,195,200,14,16,14.0,16.0,3,0,1,0,0,0,1,0,4.0,40,7.192307,0,1,0,0,0,0,0,0,0,0,1,0,0,1,0,0
175,1406,15.0,16,4.307693,0,1,1983,28,30.0,141000.0,886.0,1,0,0,0,0,0,0,1,0,0,0,0,1,0,0,0,0,0,1,0,0,9.0,4.0,0.0,1.0,0.0,0.0,0.0,1.0,0.0,0.0,1,0,0,0,0,1,0,0,0,0,0.5527953,1.29173,1.012456,0.3603401,-0.6107107,0.0171246,0.9365131,0.8996771,1.228377,82151,74,240,245,12,12,12.0,12.0,1,0,0,1,0,0,1,0,3.0,40,4.307693,0,0,1,0,0,0,1,0,0,1,0,0,1,0,0,0
176,2678,19.5,14,5.884615,0,1,1984,27,25.0,64544.0,406.0,1,0,0,0,0,0,0,1,0,0,0,0,1,0,0,0,0,0,1,0,0,13.0,14.0,0.0,0.0,0.0,1.0,0.0,0.0,0.0,1.0,0,1,0,0,0,1,0,0,0,0,0.0749999,-0.0390522,-0.3818099,-0.1212359,0.0902556,-1.898178,-0.0748743,-0.1313373,-0.2248282,38690,70,170,210,14,13,14.0,13.0,1,0,1,0,0,1,0,0,1.0,40,5.884615,0,1,0,0,0,0,1,0,0,1,0,0,1,0,0,0
177,4295,46.49,17,3.769231,0,1,1984,27,25.0,55200.0,347.0,1,0,0,0,0,0,0,0,1,0,0,0,1,0,0,0,1,0,0,0,0,12.0,12.0,0.0,1.0,0.0,0.0,0.0,0.0,0.0,1.0,0,1,0,0,1,0,0,0,0,0,1.820416,1.147048,1.175075,1.579215,1.321774,0.6398692,1.63809,1.600495,1.237943,98216,72,215,210,16,13,16.0,13.0,1,0,0,1,0,0,1,0,2.0,40,2.557692,0,1,0,0,0,0,1,0,0,1,0,0,0,1,0,0
178,5153,12.5,17,2.961539,0,1,1982,29,24.0,40100.0,252.0,1,0,0,0,0,0,1,0,0,0,1,0,0,0,0,0,0,0,1,0,0,10.0,7.0,0.0,0.0,0.0,1.0,0.0,0.0,0.0,1.0,1,0,0,0,0,1,0,0,0,0,0.3733861,-0.0754113,-0.0902613,0.453591,-0.0508843,0.4577035,0.1592328,0.1844246,-0.0887414,62053,71,190,212,14,12,14.0,12.0,0,0,1,0,0,0,1,0,8.0,40,0.7307692,0,1,0,0,0,0,1,0,1,0,0,0,0,1,0,0
179,3146,5.76,14,9.596154,0,1,1982,29,28.0,78109.0,491.0,1,0,0,0,0,0,0,1,0,0,0,0,1,0,0,0,0,1,0,0,0,13.0,8.0,0.0,1.0,0.0,0.0,0.0,1.0,0.0,0.0,1,0,0,0,0,0,1,0,0,0,1.599866,0.5506492,1.014015,1.300636,-0.2996609,-1.005656,1.308743,1.248863,0.8340074,89556,74,250,300,12,12,12.0,12.0,1,0,1,0,0,1,0,0,6.0,80,0.9230769,0,1,0,0,1,0,0,0,1,0,0,0,1,0,0,0
180,980,35.0,16,7.153846,0,1,1982,29,34.0,,,1,0,0,0,0,0,0,1,0,0,0,0,1,0,0,0,1,0,0,0,0,7.0,5.0,0.0,1.0,0.0,0.0,0.0,1.0,0.0,0.0,0,0,1,0,0,0,0,1,0,0,0.3904353,1.344039,0.4946826,1.117233,0.6690675,1.743714,0.7193816,0.9357944,0.9801559,85075,67,180,170,19,16,19.0,16.0,1,0,0,0,1,0,1,0,6.0,50,5.75,0,1,0,0,0,0,1,1,0,0,0,0,0,1,0,0
181,299,29.07,13,6.134615,0,1,1981,30,34.0,,,1,0,0,0,0,0,0,1,0,0,0,0,1,0,0,0,0,0,1,0,0,,,,,,,,,,,0,1,0,0,0,0,1,0,0,0,0.0224269,-0.7515447,-1.423845,-0.5859839,0.592776,0.5467446,-0.5858862,-0.7670708,-1.160478,18566,73,250,250,12,12,12.0,12.0,1,1,0,0,0,0,1,0,5.0,16,2.0,0,1,0,0,1,0,1,1,0,0,0,0,0,1,0,0
182,3770,9.0,13,8.5,0,1,1983,28,28.0,43500.0,236.0,0,0,0,1,0,0,0,0,1,0,0,0,1,0,0,0,0,0,1,0,0,7.0,,0.0,1.0,0.0,0.0,,,,,0,0,1,0,0,0,1,0,0,0,1.643947,2.293427,1.195946,1.791517,1.811275,1.837674,1.861852,1.937155,1.860411,97979,71,198,260,11,18,,18.0,3,0,0,1,0,0,1,0,9.0,40,0.8653846,0,1,0,0,0,0,1,0,0,0,1,0,1,0,0,0
183,4149,40.0,16,7.519231,0,1,1980,31,23.0,20800.0,111.0,1,0,0,0,0,0,0,1,0,0,0,0,1,0,0,0,1,0,0,0,0,,,0.0,0.0,0.0,1.0,0.0,1.0,0.0,0.0,0,0,1,0,0,1,0,0,0,0,1.445215,1.267816,0.2723384,0.4923154,-0.4339095,-0.0668432,1.217017,0.9725349,0.8209372,79078,69,180,226,14,12,14.0,12.0,2,0,0,1,0,1,0,0,5.0,44,2.384615,0,1,0,0,0,0,1,0,0,0,1,0,0,1,0,0
184,5023,8.15,8,9.211538,0,1,1982,29,29.0,7900.0,62.0,0,0,0,1,0,0,1,0,0,0,0,0,1,0,0,0,0,0,0,1,0,6.0,,1.0,0.0,0.0,0.0,,,,,1,0,0,0,0,0,1,0,0,0,-0.4620268,1.197199,0.3634595,-1.960328,-0.7789143,0.0986429,0.1744848,-0.2417581,0.8318713,51342,72,175,190,10,12,,12.0,4,1,0,0,0,1,0,0,6.0,28,0.6346154,0,1,0,0,0,0,1,1,0,0,0,1,0,0,0,0
185,6340,8.32,16,3.980769,0,1,1981,30,21.0,41000.0,258.0,1,0,0,0,0,0,0,1,0,0,0,0,1,0,0,0,0,0,1,0,0,,,,,,,,,,,1,0,0,0,0,1,0,0,0,0,0.2248867,1.280306,0.4399687,-1.44681,-1.035565,-2.179248,0.5958534,0.1388253,0.9169912,59492,71,190,250,14,18,14.0,18.0,1,0,0,0,1,0,1,0,4.0,24,3.711539,0,1,0,0,0,0,1,0,0,0,1,0,0,1,0,0
186,6332,15.0,12,11.53846,0,1,1981,30,25.0,34400.0,179.0,1,0,0,0,0,0,0,0,1,0,0,0,1,0,0,0,0,0,1,0,0,,,,,,,,,,,0,1,0,0,0,0,1,0,0,0,0.8248069,0.436832,1.873415,1.284088,0.6320131,0.2235277,1.087668,1.235984,1.23161,91740,66,148,151,12,12,12.0,12.0,2,0,0,0,1,0,1,0,3.0,24,9.826923,0,1,0,0,0,0,1,0,0,0,1,0,0,1,0,0
187,2346,86.54,16,8.942307,0,1,1981,30,23.0,148000.0,930.0,1,0,0,0,0,0,0,1,0,0,0,0,1,0,0,0,1,0,0,0,0,,,,,,,,,,,0,0,1,0,0,0,1,0,0,0,1.312842,0.6827031,0.7046392,1.177015,1.289482,-0.5195282,1.102277,1.084331,0.7394457,77774,71,215,220,16,12,16.0,12.0,1,1,0,0,0,0,1,0,5.0,40,1.519231,0,1,0,0,0,0,1,0,1,0,0,0,0,1,0,0
188,4006,24.0,14,8.461538,0,1,1984,27,30.0,37650.0,196.0,1,0,0,0,0,0,0,1,0,0,0,1,0,0,0,0,0,1,0,0,0,9.0,6.0,0.0,1.0,0.0,0.0,0.0,1.0,0.0,0.0,1,0,0,0,0,1,0,0,0,0,-0.3299196,-0.2189023,-0.0626485,-0.0332451,0.0592616,0.1838746,-0.2591257,-0.1810401,-0.1505366,31636,71,150,155,13,12,13.0,12.0,2,0,0,1,0,1,0,0,3.0,40,4.461538,0,1,0,0,0,0,1,0,0,1,0,0,0,1,0,0
189,4378,11.78,16,2.269231,0,1,1981,30,26.0,45275.0,236.0,1,0,0,0,0,0,0,0,1,0,0,1,0,0,0,0,1,0,0,0,0,,,,,,,,,,,0,0,1,0,0,0,1,0,0,0,-0.2492954,-0.0981651,-0.6531869,-0.3251915,0.2464012,0.2388003,-0.3439117,-0.3716396,-0.4010709,29243,67,155,175,19,12,19.0,12.0,2,0,0,0,1,0,1,0,4.0,45,1.153846,0,1,0,0,0,0,1,0,0,0,1,0,0,1,0,0
190,4176,4.29,16,2.038461,0,1,1980,31,23.0,2500.0,14.0,0,0,0,1,0,0,0,0,1,0,1,0,0,0,0,0,1,0,0,0,0,,,0.0,0.0,0.0,1.0,,,,,0,0,0,1,0,1,0,0,0,0,-2.234225,-1.324074,-1.489166,-1.711697,0.6627516,-1.23379,-2.00135,-1.892051,-1.500628,5465,80,215,220,12,13,,13.0,5,0,0,1,0,0,1,0,3.0,70,0.2884615,0,1,0,0,0,0,1,0,0,1,0,0,1,0,0,0
191,2414,17.79,17,3.538461,0,1,1980,31,29.0,,,0,0,0,0,1,0,0,0,1,0,0,1,0,0,0,0,1,0,0,0,0,,,,,,,0.0,0.0,0.0,1.0,0,0,1,0,0,0,0,0,0,1,0.4488998,-0.7344391,0.7116023,0.6651168,1.234493,0.7232772,0.2399822,0.304717,-0.0125704,57614,69,175,215,12,12,12.0,,1,1,0,0,0,0,1,0,13.0,40,1.423077,1,0,0,0,0,1,1,1,0,0,0,0,1,0,0,0
192,93,14.95,12,4.076923,0,1,1983,28,22.0,29000.0,182.0,1,0,0,0,0,0,0,0,1,0,0,1,0,0,0,0,0,0,1,0,0,6.0,6.0,0.0,1.0,0.0,0.0,0.0,1.0,0.0,0.0,0,1,0,0,0,0,1,0,0,0,-1.605,-1.235278,-1.398491,-1.396297,-1.300493,-0.220379,-1.60623,-1.577495,-1.404921,5351,65,140,139,12,8,12.0,8.0,1,1,0,0,0,0,1,0,2.0,40,4.0,0,1,0,0,0,0,0,0,0,1,0,0,1,0,0,0
193,4077,10.5,13,0.7115384,0,1,1983,28,,67300.0,533.0,1,0,0,0,0,0,0,1,0,0,0,0,1,0,0,0,0,0,1,0,0,4.0,7.0,0.0,0.0,0.0,1.0,0.0,0.0,1.0,0.0,1,0,0,0,0,0,0,0,1,0,-0.9560627,-2.076476,-1.865557,-1.534114,-0.3241808,-0.9939801,-1.609085,-1.80056,-2.102588,3086,72,200,205,16,16,16.0,16.0,2,0,0,1,0,1,0,0,5.0,40,3.0,0,1,0,0,0,0,1,0,0,0,1,0,0,1,0,0
194,3027,17.78,12,9.769231,0,1,1984,27,34.0,93369.0,739.0,1,0,0,0,0,0,0,1,0,0,0,0,1,0,0,0,0,0,1,0,0,4.0,4.0,0.0,0.0,1.0,0.0,0.0,1.0,0.0,0.0,0,0,1,0,0,1,0,0,0,0,0.7388548,2.063373,0.5400884,0.354763,-0.3784467,0.6520248,1.121003,1.033928,1.387974,80350,72,170,190,12,12,12.0,12.0,1,0,1,0,0,1,0,0,1.0,45,7.423077,0,0,0,1,0,0,1,0,1,0,0,0,1,0,0,0
195,2158,14.5,12,6.942307,0,1,1983,28,25.0,12440.0,53.0,0,1,0,0,0,0,0,0,1,0,0,0,1,0,0,0,0,0,1,0,0,,8.0,,,,,1.0,0.0,0.0,0.0,1,0,0,0,0,1,0,0,0,0,-1.759508,-2.736685,-1.531939,-1.942265,-2.287521,-1.752309,-2.140378,-2.230992,-2.276751,1283,73,260,350,10,8,9.0,8.0,4,0,0,0,1,0,1,0,12.0,57,1.653846,0,0,0,1,0,0,1,0,1,0,0,0,0,1,0,0
196,643,35.0,13,6.846154,0,1,1982,29,24.0,75500.0,475.0,1,0,0,0,0,0,0,1,0,0,0,0,1,0,0,0,0,0,1,0,0,6.0,7.0,1.0,0.0,0.0,0.0,0.0,1.0,0.0,0.0,0,1,0,0,0,1,0,0,0,0,0.4692881,0.7077335,0.2655981,0.7483075,1.811066,1.058008,0.52492,0.6124603,0.5186634,70220,72,122,300,14,12,14.0,12.0,1,0,1,0,0,0,1,0,5.0,40,2.461539,0,1,0,0,0,1,1,0,0,1,0,0,1,0,0,0
197,6247,15.0,13,10.71154,0,1,1981,30,20.0,36800.0,224.0,0,0,0,1,0,0,0,0,1,0,0,1,0,0,0,0,0,0,1,0,0,,,,,,,,,,,0,0,1,0,0,0,1,0,0,0,-0.222656,-0.7868317,0.3999346,-1.497697,-0.5843377,0.0321534,-0.2291244,-0.5903024,-0.2067155,24559,65,136,145,8,12,,12.0,0,0,0,0,1,0,1,0,13.0,28,0.4423077,0,1,0,0,0,0,1,0,0,0,1,0,0,1,0,0
198,3149,12.58,11,9.326923,0,1,1982,29,30.0,,,1,0,0,0,0,0,0,1,0,0,0,0,1,0,0,0,0,0,1,0,0,9.0,3.0,0.0,0.0,1.0,0.0,0.0,0.0,1.0,0.0,0,1,0,0,0,1,0,0,0,0,0.7996172,0.6018724,0.15328,0.0624026,0.0152253,-0.4006757,0.646507,0.4519059,0.4023134,62234,76,185,242,13,12,13.0,12.0,5,0,1,0,0,1,0,0,9.0,40,1.480769,0,1,0,0,0,0,1,0,1,0,0,0,1,0,0,0
199,5907,14.0,12,4.961538,0,1,1984,27,30.0,45000.0,240.0,1,0,0,0,0,0,1,0,0,0,0,0,1,0,0,0,0,0,1,0,0,10.0,9.0,0.0,1.0,0.0,0.0,0.0,1.0,0.0,0.0,0,1,0,0,0,1,0,0,0,0,0.3115582,-0.0470202,-0.2461385,-0.3512844,-0.0127831,0.4154562,0.0902225,-0.0937803,-0.1567269,42199,72,185,230,16,16,16.0,16.0,2,0,0,1,0,0,1,0,1.0,40,4.326923,0,1,0,0,0,0,1,0,0,1,0,0,1,0,0,0
200,2178,60.1,12,8.711538,0,1,1982,29,25.0,,,0,0,0,0,1,0,0,0,1,0,0,0,1,0,0,0,0,0,1,0,0,4.0,5.0,0.0,0.0,1.0,0.0,0.0,1.0,0.0,0.0,1,0,0,0,0,0,1,0,0,0,-1.929327,-1.889848,-1.712758,-2.174474,-0.8176568,-1.48378,-2.050694,-2.15712,-1.921579,2746,67,155,210,12,12,12.0,,3,1,0,0,0,0,1,0,7.0,80,4.269231,0,1,0,0,1,0,1,1,0,0,0,0,1,0,0,0
201,1791,9.5,10,3.692308,0,1,1982,29,23.0,102000.0,641.0,0,1,0,0,0,0,0,1,0,0,1,0,0,0,0,0,0,0,0,1,0,12.0,1.0,0.0,0.0,0.0,1.0,1.0,0.0,0.0,0.0,0,0,1,0,0,1,0,0,0,0,0.3254351,-1.048651,-1.640474,-0.6871102,-0.4165479,-0.2099248,-0.5605286,-0.8543369,-1.434441,19362,72,180,160,12,12,15.0,12.0,4,0,1,0,0,0,1,0,,40,0.6346154,0,1,0,0,0,0,1,0,1,0,0,0,1,0,0,0
202,4751,18.27,16,4.769231,0,1,1981,30,25.0,34300.0,146.0,1,0,0,0,0,0,0,1,0,0,0,0,1,0,0,0,1,0,0,0,0,,,,,,,,,,,1,0,0,0,0,1,0,0,0,0,0.7502164,-0.0366974,0.2208928,1.155812,-0.1426728,0.8571824,0.4624668,0.5842804,0.0978351,72105,75,240,210,19,17,19.0,17.0,4,0,0,0,1,0,1,0,5.0,40,3.75,1,0,0,0,0,1,1,0,0,0,1,0,1,0,0,0
203,6383,19.5,18,2.288461,0,1,1984,27,28.0,75500.0,403.0,1,0,0,0,0,0,1,0,0,0,0,0,1,0,0,1,0,0,0,0,0,11.0,10.0,0.0,0.0,0.0,1.0,0.0,0.0,0.0,1.0,0,0,1,0,0,0,1,0,0,0,1.071315,0.8693048,0.9092926,-0.2887367,0.5700036,0.5878178,1.077053,0.7160673,0.9480931,82402,71,180,200,13,16,13.0,16.0,2,0,0,0,1,1,0,0,7.0,40,3.942308,1,0,0,0,0,0,1,0,0,0,1,0,1,0,0,0
204,2218,17.48,18,4.846154,0,1,1982,29,34.0,95750.0,582.0,1,0,0,0,0,0,0,0,1,0,0,0,1,0,0,0,1,0,0,0,0,,,,,,,,,,,1,0,0,0,0,0,0,1,0,0,-1.846212,-0.0765496,-1.327985,-0.2832002,0.2170162,-0.2463919,-1.401017,-0.9895363,-0.7493981,21847,77,220,230,18,18,18.0,18.0,1,1,0,0,0,0,1,0,12.0,55,2.423077,0,1,0,0,0,0,1,0,0,0,1,0,0,1,0,0
205,2564,20.98,17,3.461539,0,1,1984,27,34.0,147100.0,925.0,1,0,0,0,0,0,0,1,0,0,0,0,1,0,0,0,1,0,0,0,0,5.0,6.0,0.0,0.0,1.0,0.0,0.0,0.0,1.0,0.0,0,1,0,0,0,0,1,0,0,0,0.7399204,0.7213268,0.3588225,-0.2579929,-0.312502,1.410665,0.7030038,0.4364885,0.5756268,74898,72,145,180,16,16,16.0,16.0,1,0,1,0,0,1,0,0,3.0,55,3.673077,0,1,0,0,0,0,1,0,0,0,1,0,0,1,0,0
206,6303,18.5,12,8.596154,0,1,1983,28,18.0,43800.0,275.0,1,0,0,0,0,0,0,1,0,0,0,0,1,0,0,0,0,0,1,0,0,8.0,5.0,0.0,1.0,0.0,0.0,0.0,1.0,0.0,0.0,0,1,0,0,0,0,1,0,0,0,-1.267211,1.076593,-0.5344202,-2.054639,-0.8378903,-2.153758,-0.5478873,-0.7784686,0.288736,29038,69,135,140,12,12,12.0,12.0,1,0,0,0,1,0,1,0,7.0,45,0.6346154,0,1,0,0,0,0,1,0,0,0,1,0,1,0,0,0
207,6263,38.46,16,4.423077,0,1,1984,27,34.0,124000.0,779.0,1,0,0,0,0,0,0,0,1,0,0,0,1,0,0,0,1,0,0,0,0,12.0,11.0,0.0,0.0,0.0,1.0,0.0,0.0,0.0,1.0,1,0,0,0,0,0,1,0,0,0,1.980253,1.280228,0.9893609,2.007508,1.670786,1.715492,1.711496,1.750371,1.209928,94485,75,165,185,20,20,20.0,20.0,1,0,0,0,1,0,1,0,6.0,40,1.153846,0,1,0,0,0,0,1,0,0,1,0,0,0,1,0,0
208,3328,60.0,16,7.269231,0,1,1980,31,32.0,56100.0,341.0,1,0,0,0,0,0,0,1,0,0,0,0,1,0,0,0,0,1,0,0,0,,,0.0,0.0,0.0,1.0,0.0,0.0,0.0,1.0,1,0,0,0,0,1,0,0,0,0,-2.243815,0.0987905,-1.520303,-0.5423727,0.2441673,-2.278245,-1.624194,-1.178073,-0.7584523,21859,75,160,188,12,12,12.0,12.0,2,0,0,1,0,1,0,0,11.0,48,0.5384616,0,1,0,0,1,0,1,0,0,0,1,0,1,0,0,0
209,4150,16.5,13,8.480769,0,1,1981,30,25.0,20800.0,111.0,1,0,0,0,0,0,0,1,0,0,0,0,1,0,0,0,0,0,0,1,0,,,,,,,,,,,0,0,1,0,0,1,0,0,0,0,0.3783298,0.5017146,1.556478,0.6914743,-0.4052978,1.211568,0.7730362,0.8746812,1.097195,86795,73,188,245,14,12,14.0,12.0,2,0,0,1,0,1,0,0,4.0,40,1.25,0,1,0,0,0,0,0,0,0,0,1,0,1,0,0,0
210,8824,15.0,12,12.73077,0,1,1980,31,29.0,,,1,0,0,0,0,0,0,0,1,0,0,0,1,0,0,0,0,0,1,0,0,,,0.0,1.0,0.0,0.0,0.0,1.0,0.0,0.0,1,0,0,0,0,0,0,0,0,1,-0.0881514,0.1204181,-0.5795001,-0.0017057,-0.1592497,0.5727335,-0.1750399,-0.154239,-0.24521,38400,69,190,175,7,14,7.0,14.0,4,1,0,0,0,0,1,0,3.0,40,10.90385,0,1,0,0,0,0,1,1,0,0,0,0,0,1,0,0
211,1570,15.0,12,9.75,0,1,1981,30,20.0,,,1,0,0,0,0,0,0,0,1,0,0,1,0,0,0,0,0,0,1,0,0,,,,,,,,,,,0,1,0,0,0,0,1,0,0,0,0.7406262,-0.5159183,-0.1505355,1.191856,-0.2145526,-0.6164621,0.22345,0.3536452,-0.3557966,60506,65,140,160,6,6,6.0,6.0,6,0,0,1,0,0,1,0,6.0,40,2.673077,0,1,0,0,0,0,1,0,0,1,0,0,1,0,0,0
212,3458,36.15,18,2.75,0,1,1983,28,36.0,121250.0,632.0,1,0,0,0,0,0,0,1,0,0,0,0,1,0,0,1,0,0,0,0,0,11.0,12.0,0.0,1.0,0.0,0.0,0.0,1.0,0.0,0.0,0,1,0,0,0,1,0,0,0,0,2.177801,0.1056296,0.8578798,1.276294,2.291847,2.48442,1.461171,1.235553,0.5134254,86862,76,190,205,18,18,18.0,18.0,2,0,0,1,0,0,1,0,2.0,50,5.269231,0,1,0,0,0,0,1,0,0,1,0,0,0,1,0,0
213,5806,20.15,14,7.423077,0,1,1984,27,32.0,51440.0,407.0,1,0,0,0,0,0,1,0,0,0,1,0,0,0,0,0,0,0,1,0,0,,9.0,,,,,0.0,0.0,0.0,1.0,0,0,1,0,0,1,0,0,0,0,-1.04066,-1.343535,-0.4429733,-1.130481,0.3072138,0.0800837,-1.063269,-1.108101,-0.9530958,16038,73,145,210,12,14,12.0,14.0,0,0,0,1,0,1,0,0,5.0,40,0.7115384,0,1,0,0,0,1,0,0,0,1,0,0,1,0,0,0
214,5363,13.19,12,11.03846,0,1,1980,31,25.0,33960.0,314.0,0,0,0,1,0,0,1,0,0,0,0,0,1,0,0,0,0,0,1,0,0,,,0.0,0.0,0.0,1.0,,,,,0,1,0,0,0,0,1,0,0,0,0.980623,0.2820555,0.8684029,0.8665418,0.7568877,1.270284,0.854607,0.8381988,0.613121,75531,68,190,220,13,20,,20.0,0,0,1,0,0,1,0,0,11.0,70,1.403846,0,1,0,0,1,0,1,0,1,0,0,0,0,1,0,0
215,1202,13.0,12,9.211538,0,1,1981,30,21.0,,,0,0,0,0,0,1,0,0,1,0,1,0,0,0,0,0,0,0,1,0,0,,,,,,,,,,,0,1,0,0,0,1,0,0,0,0,0.0757058,-0.9109055,-1.180304,-0.3039889,0.2302447,0.7365605,-0.5334741,-0.6496945,-1.115586,24292,75,160,170,11,12,,,1,0,1,0,0,0,1,0,4.0,40,1.826923,0,1,0,0,0,1,1,0,1,0,0,0,0,1,0,0
216,3008,15.94,13,9.653846,0,1,1983,28,24.0,63750.0,505.0,1,0,0,0,0,0,0,1,0,0,0,1,0,0,0,0,0,0,1,0,0,15.0,15.0,0.0,1.0,0.0,0.0,0.0,1.0,0.0,0.0,0,1,0,0,0,1,0,0,0,0,-0.9464725,-0.6627175,-1.245027,-0.6881297,-0.4763483,0.092864,-1.044821,-0.9918869,-1.017748,12070,68,140,130,12,12,12.0,12.0,0,0,1,0,0,1,0,0,6.0,40,0.7692308,1,0,0,0,0,1,0,0,1,0,0,0,1,0,0,0
217,4623,11.81,13,8.75,0,1,1984,27,30.0,19188.0,121.0,0,0,0,1,0,0,0,1,0,0,0,0,1,0,0,0,0,0,1,0,0,12.0,,1.0,0.0,0.0,0.0,,,,,0,1,0,0,0,1,0,0,0,0,0.5758214,-0.2849232,-0.127148,-0.0385457,0.0198596,0.8758143,0.2027786,0.0344072,-0.2201402,37239,74,250,299,13,14,,14.0,2,0,0,0,1,0,1,0,5.0,24,7.673077,0,1,0,0,0,1,1,0,0,0,1,0,1,0,0,0
218,3768,9.0,12,12.48077,0,1,1980,31,25.0,43500.0,236.0,0,0,0,1,0,0,0,0,1,0,0,0,1,0,0,0,0,0,1,0,0,,,0.0,1.0,0.0,0.0,,,,,1,0,0,0,0,0,1,0,0,0,1.222509,1.666219,0.3957771,1.363743,-0.1607334,0.9757416,1.238018,1.300095,1.099223,91133,70,245,215,11,18,,18.0,3,0,0,1,0,0,1,0,5.0,40,0.8076923,0,1,0,0,0,0,1,0,0,1,0,0,0,1,0,0
219,3015,27.5,16,7.519231,0,1,1983,28,31.0,74200.0,466.0,1,0,0,0,0,0,0,1,0,0,0,0,1,0,0,0,0,1,0,0,0,9.0,4.0,0.0,1.0,0.0,0.0,0.0,1.0,0.0,0.0,0,1,0,0,0,1,0,0,0,0,-0.0897481,0.5040318,0.3318751,0.6084109,-0.8405281,0.0411243,0.1799272,0.3784216,0.4453779,63572,69,200,207,17,18,17.0,18.0,1,0,1,0,0,1,0,0,1.0,40,8.0,1,0,0,0,0,1,0,0,1,0,0,0,1,0,0,0
220,3212,10.0,13,5.961538,0,1,1984,27,35.0,50905.0,320.0,1,0,0,0,0,0,0,1,0,0,0,0,1,0,0,0,0,0,1,0,0,9.0,8.0,0.0,1.0,0.0,0.0,0.0,0.0,0.0,1.0,1,0,0,0,0,1,0,0,0,0,0.8475437,1.070782,0.1219536,0.5031814,0.0226622,0.7570625,0.7930877,0.7111102,0.6356667,76424,69,148,180,14,12,14.0,12.0,1,0,1,0,0,0,1,0,6.0,37,2.538461,0,1,0,0,0,0,1,0,1,0,0,0,1,0,0,0
221,5545,14.86,12,9.519231,0,1,1983,28,26.0,41750.0,262.0,0,1,0,0,0,0,1,0,0,0,0,0,1,0,0,0,0,0,1,0,0,11.0,3.0,,,,,0.0,1.0,0.0,0.0,1,0,0,0,0,1,0,0,0,0,-0.8441771,-0.2278899,-0.1529834,-0.319204,-0.2163611,-0.737152,-0.5690395,-0.4327589,-0.2035031,35799,72,175,200,16,12,12.0,12.0,1,0,1,0,0,1,0,0,4.0,50,2.653846,0,1,0,0,0,0,1,0,1,0,0,0,0,1,0,0
222,4774,16.69,13,8.75,0,1,1983,28,27.0,22800.0,143.0,0,0,0,1,0,0,0,0,1,0,0,1,0,0,0,0,0,0,1,0,0,6.0,,0.0,1.0,0.0,0.0,,,,,0,1,0,0,0,0,1,0,0,0,-0.5447497,-1.342278,-1.211665,0.3783624,0.2940512,-0.6346078,-1.001611,-0.7618613,-1.362351,21164,72,250,290,14,6,,6.0,2,0,0,0,1,0,1,0,1.0,40,8.557693,0,0,1,0,0,0,1,0,0,0,1,0,0,1,0,0
223,4097,27.0,16,7.769231,0,1,1982,29,26.0,84800.0,533.0,1,0,0,0,0,0,0,0,1,0,0,0,1,0,0,0,1,0,0,0,0,13.0,13.0,0.0,0.0,0.0,1.0,0.0,0.0,0.0,1.0,0,1,0,0,0,1,0,0,0,0,0.18691,0.5199154,0.0376257,0.493876,0.4794763,1.899868,0.2554797,0.3458934,0.2969318,56876,75,170,185,17,16,17.0,16.0,1,0,0,1,0,0,1,0,3.0,40,6.980769,1,0,0,0,0,1,1,0,0,1,0,0,0,1,0,0
224,2907,22.0,14,10.61539,0,1,1980,31,26.0,159600.0,1627.0,0,1,0,0,0,0,0,0,1,0,0,0,1,0,0,0,0,0,1,0,0,,,0.0,1.0,0.0,0.0,0.0,1.0,0.0,0.0,1,0,0,0,0,1,0,0,0,0,0.3593913,1.448805,0.1611323,0.7170632,-0.3661513,0.4396442,0.6394539,0.7511066,0.8581505,67914,70,180,206,16,18,16.0,18.0,1,0,1,0,0,0,1,0,9.0,15,3.442308,0,1,0,0,0,0,1,0,1,0,0,0,0,1,0,0
225,5214,8.5,11,8.288462,0,1,1983,28,23.0,48020.0,256.0,1,0,0,0,0,0,0,1,0,0,0,0,1,0,0,0,0,0,0,0,1,4.0,3.0,1.0,0.0,0.0,0.0,1.0,0.0,0.0,0.0,0,0,1,0,0,1,0,0,0,0,-0.2847488,-0.0355186,-1.648705,-0.3785714,-1.766227,-0.6261923,-0.6197358,-0.6575441,-0.8985499,22164,68,200,200,12,12,12.0,12.0,2,0,1,0,0,0,1,0,4.0,35,3.980769,0,1,0,0,0,0,1,0,1,0,0,0,1,0,0,0
226,6320,7.36,12,7.365385,0,1,1981,30,20.0,26600.0,127.0,0,0,1,0,0,0,0,1,0,0,0,0,1,0,0,0,0,0,1,0,0,,,,,,,,,,,1,0,0,0,0,0,1,0,0,0,-1.376677,-0.588769,-0.6832126,-0.724861,-1.16663,-1.023211,-1.10655,-0.9446437,-0.6787106,19366,72,145,150,12,12,12.0,11.0,6,0,0,0,1,0,1,0,7.0,20,3.5,0,1,0,0,0,0,1,0,0,0,1,0,0,1,0,0
227,2658,25.3,16,6.5,0,1,1981,30,27.0,,,1,0,0,0,0,0,0,1,0,0,0,0,1,0,0,0,1,0,0,0,0,,,,,,,,,,,0,1,0,0,0,1,0,0,0,0,1.158333,0.8796276,1.002671,0.2971056,0.5484282,-1.017288,1.153371,0.9333732,1.003395,88685,70,170,180,14,16,14.0,16.0,1,0,1,0,0,1,0,0,9.0,38,2.115385,0,0,1,0,0,0,1,0,0,1,0,0,1,0,0,0
228,3530,22.0,14,6.346154,0,1,1984,27,27.0,33800.0,267.0,0,0,0,1,0,0,0,0,0,1,0,0,1,0,0,0,0,1,0,0,0,5.0,,1.0,0.0,0.0,0.0,,,,,0,1,0,0,0,1,0,0,0,0,0.5161491,0.9774425,0.9248614,0.839243,1.561318,1.674039,0.8059419,0.9109752,1.014063,85212,72,200,185,12,15,,15.0,2,0,0,1,0,0,1,0,2.0,40,3.307692,0,1,0,0,0,0,1,0,0,1,0,0,1,0,0,0
229,2150,18.32,15,2.461539,0,1,1980,31,23.0,,,1,0,0,0,0,0,0,1,0,0,0,0,1,0,0,0,0,0,1,0,0,,,0.0,0.0,1.0,0.0,1.0,0.0,0.0,0.0,0,1,0,0,0,0,0,0,0,1,-0.8489739,0.6975321,-0.2013995,-1.093641,-0.5038109,-0.5755124,-0.3306869,-0.4053992,0.2641841,33444,66,153,160,14,12,14.0,12.0,2,0,0,0,1,0,1,0,5.0,40,1.942308,0,1,0,0,0,0,1,0,0,1,0,0,1,0,0,0
230,5516,3.49,12,7.096154,0,1,1983,28,28.0,21100.0,133.0,1,0,0,0,0,0,1,0,0,0,0,0,1,0,0,0,0,0,1,0,0,7.0,6.0,1.0,0.0,0.0,0.0,1.0,0.0,0.0,0.0,1,0,0,0,0,1,0,0,0,0,0.1191052,-0.6353984,-1.232794,-1.145046,-1.001269,0.6573247,-0.4483412,-0.810497,-0.9966564,19196,68,200,210,6,9,6.0,9.0,4,0,1,0,0,1,0,0,4.0,20,1.884615,0,1,0,0,0,0,0,0,1,0,0,1,0,0,0,0
231,1184,25.0,13,6.403846,0,1,1980,31,28.0,60000.0,475.0,0,0,0,1,0,0,0,1,0,0,0,1,0,0,0,0,0,0,1,0,0,,,0.0,1.0,0.0,0.0,,,,,1,0,0,0,0,0,1,0,0,0,0.1952923,0.4095442,0.7138264,-0.5243505,-0.7260448,-0.5624216,0.4155683,0.2216443,0.5986757,50407,68,190,200,12,13,,13.0,1,1,0,0,0,0,1,0,12.0,40,4.076923,0,1,0,0,0,1,1,1,0,0,0,0,0,1,0,0
232,3878,12.5,17,4.846154,0,1,1982,29,34.0,100000.0,925.0,0,0,0,1,0,0,0,1,0,0,1,0,0,0,0,0,0,0,1,0,0,6.0,,0.0,0.0,0.0,1.0,,,,,0,0,1,0,0,0,1,0,0,0,1.124618,0.7157016,1.249772,0.7006016,0.1922869,0.0802535,1.157697,1.060124,1.04775,85277,71,165,171,16,16,,16.0,1,0,0,1,0,0,1,0,6.0,30,4.134615,0,1,0,0,0,0,1,0,0,1,0,0,1,0,0,0
233,3171,15.0,14,5.634615,0,1,1984,27,26.0,40800.0,218.0,0,1,0,0,0,0,0,0,1,0,0,0,1,0,0,0,0,0,1,0,0,6.0,3.0,0.0,1.0,0.0,0.0,1.0,0.0,0.0,0.0,1,0,0,0,0,1,0,0,0,0,1.522054,1.469185,0.680208,1.656604,1.99408,2.069878,1.426655,1.490324,1.14583,93254,73,183,180,12,16,14.0,16.0,2,0,1,0,0,0,1,0,7.0,40,1.480769,1,0,0,0,0,0,0,0,1,0,0,0,1,0,0,0
234,4441,17.36,18,3.634615,0,1,1984,27,29.0,122950.0,974.0,1,0,0,0,0,0,0,1,0,0,0,0,1,0,0,0,1,0,0,0,0,7.0,3.0,0.0,0.0,0.0,1.0,0.0,1.0,0.0,0.0,0,1,0,0,0,1,0,0,0,0,0.9157407,1.134527,1.063869,0.9738797,0.4981239,0.6274018,1.106908,1.143324,1.171962,94363,72,230,240,16,18,16.0,18.0,3,0,0,0,1,0,1,0,6.0,37,1.923077,0,1,0,0,0,0,1,0,0,0,1,0,1,0,0,0
235,630,32.69,13,7.288462,0,1,1981,30,,,,0,0,0,1,0,0,0,1,0,0,0,0,1,0,0,0,0,0,1,0,0,,,,,,,,,,,0,1,0,0,0,0,0,0,1,0,1.223333,-0.1277607,0.7880437,0.6861737,1.593982,-0.7913172,0.8533004,0.7184777,0.3517217,63361,70,155,185,12,14,,14.0,3,0,0,0,1,0,1,0,8.0,40,3.846154,1,0,0,0,0,0,0,0,0,0,1,0,1,0,0,0
236,2423,28.84,14,9.75,0,1,1980,31,23.0,80100.0,503.0,1,0,0,0,0,0,0,1,0,0,0,0,1,0,0,0,0,1,0,0,0,,,0.0,0.0,0.0,1.0,0.0,1.0,0.0,0.0,0,1,0,0,0,1,0,0,0,0,0.7781633,0.3936081,0.1911579,1.142176,0.9271901,0.0450516,0.5878967,0.700377,0.3114502,76009,71,250,255,13,16,13.0,16.0,1,1,0,0,0,0,1,0,5.0,40,10.82692,0,1,0,0,0,0,1,1,0,0,0,0,1,0,0,0
237,108,26.44,16,4.865385,0,1,1984,27,30.0,135000.0,644.0,1,0,0,0,0,0,0,0,1,0,0,0,1,0,0,0,1,0,0,0,0,12.0,10.0,0.0,1.0,0.0,0.0,0.0,1.0,0.0,0.0,1,0,0,0,0,0,1,0,0,0,0.0856557,1.473738,0.9938092,0.5826913,0.1120174,0.1019016,0.7246757,0.8768911,1.315494,83765,72,170,200,19,16,19.0,16.0,3,1,0,0,0,0,1,0,3.0,40,2.653846,0,1,0,0,0,0,1,0,1,0,0,0,0,1,0,0
238,5420,18.0,10,11.94231,0,1,1981,30,26.0,33000.0,207.0,0,0,0,0,1,0,1,0,0,0,0,0,1,0,0,0,0,0,1,0,0,,,,,,,,,,,1,0,0,0,0,0,1,0,0,0,0.5658715,-1.156777,-0.8300046,-0.272185,-2.018142,-1.352349,-0.2353975,-0.474409,-1.059897,34975,72,160,150,12,16,12.0,,3,0,1,0,0,1,0,0,3.0,40,8.596154,0,1,0,0,0,0,0,0,1,0,0,0,1,0,0,0
239,2326,11.0,16,3.807692,0,1,1981,30,29.0,63997.0,323.0,1,0,0,0,0,0,0,1,0,0,0,0,1,0,0,0,1,0,0,0,0,,,,,,,,,,,1,0,0,0,0,1,0,0,0,0,-0.5988049,-0.5944604,-1.946514,-0.1407287,-2.083262,-1.966368,-1.027755,-0.9186162,-1.355435,22038,77,205,250,15,13,15.0,13.0,2,1,0,0,0,0,1,0,4.0,50,3.173077,0,1,0,0,0,0,1,0,1,0,0,0,1,0,0,0
240,5794,14.0,16,6.788462,0,1,1983,28,26.0,44000.0,210.0,1,0,0,0,0,0,1,0,0,0,0,0,1,0,0,0,1,0,0,0,0,15.0,16.0,0.0,1.0,0.0,0.0,0.0,1.0,0.0,0.0,1,0,0,0,0,1,0,0,0,0,-0.1398302,-0.1106458,-0.1885693,-0.4071949,-0.6324725,-0.6140366,-0.159512,-0.237433,-0.1599566,38040,74,190,240,12,17,12.0,17.0,2,0,0,1,0,1,0,0,11.0,50,1.115385,0,1,0,0,0,0,1,0,0,1,0,0,0,1,0,0
241,4600,52.0,17,9.076923,0,1,1980,31,28.0,48900.0,452.0,0,0,0,1,0,0,0,1,0,0,0,0,1,0,0,0,1,0,0,0,0,,,0.0,1.0,0.0,0.0,0.0,1.0,0.0,0.0,0,1,0,0,0,0,1,0,0,0,0.657753,0.4778417,0.00878,0.7266045,0.3935322,-1.034312,0.494754,0.522929,0.2591121,59571,74,185,185,12,12,,12.0,2,0,0,0,1,1,0,0,2.0,50,7.615385,0,1,0,0,0,0,1,0,0,0,1,0,0,1,0,0
242,3468,25.64,16,6.75,0,1,1982,29,30.0,48000.0,302.0,1,0,0,0,0,0,0,1,0,0,0,0,1,0,0,0,1,0,0,0,0,11.0,13.0,0.0,0.0,0.0,1.0,0.0,0.0,0.0,1.0,0,1,0,0,0,0,1,0,0,0,1.405931,0.8568498,0.8750075,1.679103,0.3518732,0.9523469,1.248104,1.347286,0.9231677,92129,74,180,185,16,16,16.0,16.0,1,0,0,1,0,0,1,0,6.0,60,4.596154,0,1,0,0,0,0,0,0,0,1,0,0,1,0,0,0
243,4285,14.0,13,5.173077,0,1,1981,30,21.0,75000.0,471.0,1,0,0,0,0,0,0,0,1,0,0,1,0,0,0,0,0,0,1,0,0,,,,,,,,,,,0,0,1,0,0,0,1,0,0,0,-0.8715928,-1.604125,-1.014607,-1.307933,-0.397879,-0.8215506,-1.199038,-1.34333,-1.396902,11482,67,185,190,14,12,14.0,12.0,1,0,0,1,0,0,1,0,7.0,40,0.8076923,0,1,0,0,0,0,1,0,0,1,0,0,0,1,0,0
244,5484,25.67,12,12.80769,0,1,1980,31,28.0,78000.0,490.0,1,0,0,0,0,0,1,0,0,0,0,0,1,0,0,0,0,0,1,0,0,,,0.0,1.0,0.0,0.0,0.0,0.0,0.0,1.0,0,0,1,0,0,1,0,0,0,0,-0.1574139,-0.1971653,-1.005419,-0.0133672,1.025283,0.6687323,-0.4174086,-0.384939,-0.641703,32672,68,135,165,15,12,15.0,12.0,3,0,1,0,0,0,1,0,,40,5.096154,0,1,0,0,0,0,0,0,0,1,0,0,1,0,0,0
245,297,15.0,12,7.403846,0,1,1984,27,28.0,45000.0,283.0,1,0,0,0,0,0,0,1,0,0,0,1,0,0,0,0,0,0,1,0,0,10.0,8.0,0.0,1.0,0.0,0.0,0.0,1.0,0.0,0.0,0,1,0,0,0,1,0,0,0,0,-1.626728,-1.1136,-0.4429733,-0.5103042,-0.5091822,-2.683935,-1.322173,-1.034214,-0.8304767,17932,69,190,230,14,11,14.0,11.0,3,1,0,0,0,0,1,0,2.0,40,5.211538,0,0,0,1,0,0,1,1,0,0,0,0,1,0,0,0
246,3962,123.08,12,9.846154,0,1,1983,28,25.0,57000.0,304.0,1,0,0,0,0,0,0,1,0,0,0,0,1,0,0,0,0,0,1,0,0,12.0,12.0,0.0,1.0,0.0,0.0,0.0,1.0,0.0,0.0,0,1,0,0,0,1,0,0,0,0,0.740337,-0.9655031,0.4197279,-0.6139205,0.5535438,-1.922488,0.2564518,-0.1179784,-0.2914415,48853,70,213,215,13,13,13.0,13.0,2,0,0,1,0,1,0,0,1.0,50,8.173077,0,1,0,0,1,0,1,0,0,1,0,0,1,0,0,0
247,2981,11.54,16,6.692307,0,1,1982,29,23.0,72220.0,454.0,1,0,0,0,0,0,0,0,1,0,0,0,1,0,0,0,1,0,0,0,0,9.0,6.0,0.0,0.0,0.0,1.0,0.0,1.0,0.0,0.0,0,1,0,0,0,0,1,0,0,0,1.48798,1.946195,1.743527,1.49252,0.3141199,-0.3903901,1.83119,1.865905,1.967252,99515,74,195,205,16,18,16.0,18.0,1,0,1,0,0,0,1,0,8.0,30,2.653846,0,1,0,0,0,0,1,0,1,0,0,0,0,1,0,0
248,4737,18.45,12,9.326923,0,1,1982,29,29.0,80095.0,417.0,0,1,0,0,0,0,0,1,0,0,0,0,1,0,0,0,0,0,1,0,0,7.0,4.0,1.0,0.0,0.0,0.0,0.0,0.0,1.0,0.0,0,1,0,0,0,0,1,0,0,0,0.3233039,-0.9029495,-1.297959,-0.193089,-0.9844971,0.4573919,-0.427545,-0.5800729,-1.174086,25471,77,190,220,12,12,14.0,12.0,4,0,0,0,1,0,1,0,10.0,40,1.192308,0,1,0,0,0,0,1,0,0,0,1,0,1,0,0,0
249,5786,15.5,12,9.384615,0,1,1981,30,35.0,,,0,0,0,1,0,0,1,0,0,0,1,0,0,0,0,0,0,0,1,0,0,,,,,,,,,,,0,1,0,0,0,1,0,0,0,0,0.1172633,-1.954719,-1.175856,-0.4555877,-0.4656372,-0.2259214,-0.7962381,-0.971334,-1.669856,23453,72,260,280,3,9,,9.0,9,0,0,1,0,1,0,0,3.0,40,6.557693,0,0,0,1,0,0,0,0,0,1,0,1,0,0,0,0
250,2952,10.16,20,3.807692,1,0,1983,28,29.0,63070.0,337.0,1,0,0,0,0,0,0,0,1,0,0,0,1,0,0,0,0,0,1,0,0,12.0,6.0,0.0,0.0,0.0,1.0,0.0,1.0,0.0,0.0,1,0,0,0,0,1,0,0,0,0,1.029109,0.7794984,1.736408,0.6592972,0.1971125,0.9412693,1.256459,1.175868,1.341283,87994,66,120,129,13,12,13.0,12.0,2,0,1,0,0,0,1,0,8.0,40,3.153846,0,0,0,1,0,0,1,0,1,0,0,0,0,1,0,0
251,1119,14.83,18,1.923077,1,0,1983,28,28.0,50000.0,314.0,1,0,0,0,0,0,0,1,0,0,0,1,0,0,0,1,0,0,0,0,0,9.0,3.0,1.0,0.0,0.0,0.0,1.0,0.0,0.0,0.0,1,0,0,0,0,0,1,0,0,0,0.3663192,1.505729,0.7789235,0.2267636,0.2627275,1.100852,0.8286635,0.8046503,1.217961,76267,67,182,250,12,12,12.0,12.0,1,1,0,0,0,0,1,0,9.0,40,1.096154,0,0,1,0,0,0,1,1,0,0,0,0,1,0,0,0
252,3608,2.13,11,10.96154,1,0,1981,30,27.0,19500.0,106.0,0,0,0,1,0,0,0,1,0,0,0,0,1,0,0,0,0,0,0,1,0,,,,,,,,,,,0,0,1,0,0,1,0,0,0,0,-0.4400338,-0.0594632,0.3232024,-1.342918,-0.0869495,-0.8511606,-0.1698035,-0.4257514,0.140254,36585,68,150,148,12,17,,17.0,3,0,0,1,0,0,1,0,9.0,35,0.2884615,0,1,0,0,0,0,1,0,0,1,0,0,0,1,0,0
253,3586,25.0,17,5.711538,1,0,1983,28,28.0,68620.0,634.0,0,0,0,1,0,0,0,1,0,0,1,0,0,1,0,0,0,0,0,0,0,9.0,,0.0,1.0,0.0,0.0,,,,,0,0,1,0,0,1,0,0,0,0,0.1841054,-0.36107,0.6376917,0.044421,-0.103101,1.257629,0.1767457,0.1407272,0.1471239,51322,63,122,140,12,12,,12.0,1,0,0,1,0,0,1,0,2.0,40,7.519231,0,0,1,0,0,0,1,0,0,1,0,0,1,0,0,0
254,4167,7.15,11,6.634615,1,0,1982,29,33.0,,,1,0,0,0,0,0,0,0,1,0,0,1,0,0,0,0,0,0,0,1,0,15.0,15.0,1.0,0.0,0.0,0.0,1.0,0.0,0.0,0.0,0,0,1,0,0,1,0,0,0,0,-1.677851,-0.8414817,-1.729439,-1.617905,-1.53596,-0.5745957,-1.628997,-1.642306,-1.371405,8527,61,180,155,9,12,9.0,12.0,2,0,0,1,0,0,1,0,,14,6.826923,0,1,0,0,0,0,1,0,0,1,0,0,0,1,0,0
255,1105,15.0,12,10.92308,1,0,1983,28,30.0,62250.0,332.0,1,0,0,0,0,0,0,1,0,0,0,0,1,0,0,0,0,0,1,0,0,12.0,4.0,0.0,1.0,0.0,0.0,0.0,1.0,0.0,0.0,1,0,0,0,0,0,1,0,0,0,0.4259915,-0.3599318,-0.3153443,-0.1803268,-0.7412813,0.7118695,0.0481114,-0.1208474,-0.3605013,39864,60,133,140,14,14,14.0,14.0,2,1,0,0,0,0,1,0,1.0,30,8.576923,0,0,0,1,0,0,1,1,0,0,0,0,1,0,0,0
256,1557,6.74,16,1.711538,1,0,1984,27,31.0,69300.0,436.0,1,0,0,0,0,0,0,0,1,0,1,0,0,0,0,0,1,0,0,0,0,7.0,2.0,0.0,0.0,0.0,1.0,0.0,0.0,1.0,0.0,1,0,0,0,0,1,0,0,0,0,0.0995082,0.4720409,0.2542888,0.5519474,0.9346781,0.7717117,0.2538269,0.3849181,0.3869429,63525,64,190,200,19,16,19.0,16.0,1,0,0,1,0,0,1,0,4.0,40,1.961538,1,0,0,0,0,0,1,0,0,1,0,0,0,1,0,0
257,2063,20.67,14,4.980769,1,0,1981,30,34.0,,,1,0,0,0,0,0,0,1,0,0,0,0,1,0,0,0,0,0,1,0,0,,,,,,,,,,,0,1,0,0,0,0,1,0,0,0,0.0895583,0.198929,-0.19613,0.6692116,-0.0117725,0.9357269,0.0495427,0.2124817,0.0011006,58750,64,120,200,17,18,17.0,18.0,2,0,0,1,0,0,1,0,4.0,40,0.7115384,0,1,0,0,0,0,1,0,0,1,0,0,1,0,0,0
258,1450,25.05,17,7.519231,1,0,1981,30,34.0,158000.0,1627.0,1,0,0,0,0,0,0,1,0,0,0,0,1,0,0,0,1,0,0,0,0,,,,,,,,,,,0,1,0,0,0,0,0,1,0,0,2.36137,2.361684,2.002414,1.985895,1.619701,1.736445,2.496489,2.437079,2.326881,100000,67,135,130,19,17,19.0,17.0,1,0,0,1,0,0,1,0,17.0,38,5.192307,0,0,1,0,0,0,1,1,0,0,0,0,0,1,0,0
259,2559,9.95,10,9.211538,1,0,1983,28,17.0,9000.0,71.0,0,0,0,1,0,0,0,1,0,0,0,0,1,0,0,0,0,0,0,1,0,,,,,,,,,,,0,0,1,0,0,1,0,0,0,0,-0.856964,-0.0833268,-0.0273205,-0.4930655,-0.5195421,-0.5716475,-0.5018126,-0.4093714,-0.0593978,33975,64,125,115,11,10,,10.0,1,1,0,0,0,1,0,0,7.0,30,2.442308,0,1,0,0,0,0,1,1,0,0,0,0,1,0,0,0
260,5236,28.5,19,3.634615,1,0,1981,30,25.0,67000.0,320.0,0,0,1,0,0,0,1,0,0,0,0,0,1,0,0,1,0,0,0,0,0,,,,,,,,,,,0,0,0,1,0,1,0,0,0,0,1.173251,0.5722888,0.8180693,0.9119816,-1.37518,0.4959401,1.026391,0.9719487,0.7410541,86278,63,135,145,18,14,18.0,16.0,2,0,1,0,0,0,1,0,8.0,40,0.3269231,0,1,0,0,0,0,1,0,1,0,0,0,0,1,0,0
261,182,28.21,16,5.134615,1,0,1984,27,28.0,111750.0,702.0,1,0,0,0,0,0,0,1,0,0,0,0,1,0,0,0,1,0,0,0,0,9.0,5.0,0.0,1.0,0.0,0.0,0.0,1.0,0.0,0.0,0,1,0,0,0,1,0,0,0,0,1.99304,1.021836,1.953518,1.983125,1.545162,1.680272,1.912458,1.944621,1.586296,98196,63,128,140,20,18,20.0,18.0,1,1,0,0,0,1,0,0,3.0,60,5.134615,0,1,0,0,0,0,1,0,0,1,0,0,1,0,0,0
262,2672,17.13,16,8.711538,1,0,1980,31,23.0,96633.0,607.0,1,0,0,0,0,0,0,1,0,0,0,0,1,0,0,0,1,0,0,0,0,,,0.0,0.0,0.0,1.0,0.0,0.0,0.0,1.0,0,1,0,0,0,0,1,0,0,0,1.167099,0.2649812,0.6849129,0.8983457,0.4147994,0.3255677,0.9019768,0.8431562,0.5061646,78768,64,165,193,14,13,14.0,13.0,1,0,1,0,0,1,0,0,4.0,55,5.730769,0,1,0,0,0,0,0,0,1,0,0,0,1,0,0,0
263,1229,16.0,15,5.673077,1,0,1984,27,25.0,65000.0,347.0,0,1,0,0,0,0,0,1,0,0,0,0,1,0,0,0,0,0,1,0,0,12.0,10.0,0.0,0.0,0.0,1.0,0.0,0.0,0.0,1.0,1,0,0,0,0,0,1,0,0,0,-0.4215592,-0.319072,-0.0826656,-0.0788307,-1.473624,-0.6891538,-0.3425139,-0.253072,-0.2146295,46246,62,145,135,14,14,16.0,14.0,3,0,1,0,0,0,1,0,6.0,25,2.961539,0,1,0,0,0,0,1,0,1,0,0,0,1,0,0,0
264,4822,2.64,16,2.961539,1,0,1983,28,21.0,42200.0,264.0,0,0,0,1,0,0,1,0,0,0,0,0,1,0,0,0,1,0,0,0,0,8.0,,0.0,0.0,1.0,0.0,,,,,0,0,1,0,0,0,1,0,0,0,1.228372,0.177342,0.8445351,0.4949768,0.6298749,-0.4073897,0.9554303,0.7675701,0.5445516,78734,64,140,164,12,14,,14.0,2,1,0,0,0,1,0,0,9.0,30,1.346154,0,1,0,0,0,0,1,1,0,0,0,0,0,1,0,0
265,6092,9.5,10,3.384615,1,0,1982,29,24.0,21460.0,99.0,1,0,0,0,0,0,0,1,0,0,0,1,0,0,0,0,0,0,0,1,0,12.0,10.0,0.0,0.0,0.0,1.0,0.0,0.0,1.0,0.0,0,0,0,1,0,0,1,0,0,0,-0.7923558,-0.4965793,0.3667957,-0.4411598,-0.0861648,-0.2392231,-0.4715641,-0.3821221,-0.0696027,36271,65,130,140,15,12,15.0,12.0,3,0,0,1,0,0,1,0,3.0,45,2.942308,0,1,0,0,0,0,0,0,0,1,0,0,1,0,0,0
266,5267,23.08,17,6.480769,1,0,1981,30,26.0,90500.0,569.0,1,0,0,0,0,0,1,0,0,0,0,0,1,0,0,0,1,0,0,0,0,,,,,,,,,,,0,1,0,0,0,0,1,0,0,0,0.2419359,-0.9575756,0.1741862,0.6299867,-1.619011,1.624238,-0.0827483,0.0241455,-0.4181556,53329,69,175,185,18,14,18.0,14.0,1,0,1,0,0,1,0,0,5.0,50,6.865385,0,1,0,0,0,0,1,0,1,0,0,0,1,0,0,0
267,2734,26.4,16,5.346154,1,0,1983,28,32.0,,,1,0,0,0,0,0,0,1,0,0,0,0,1,0,0,0,1,0,0,0,0,10.0,10.0,0.0,0.0,0.0,1.0,0.0,0.0,0.0,1.0,0,1,0,0,0,1,0,0,0,0,1.426569,0.8967425,1.600736,1.866787,2.118248,1.422822,1.469828,1.619826,1.331456,94333,67,132,138,18,16,18.0,16.0,5,0,1,0,0,1,0,0,13.0,23,3.538461,1,0,0,0,0,1,1,0,1,0,0,0,0,1,0,0
268,69,30.05,18,6.326923,1,0,1981,30,,,,1,0,0,0,0,0,0,0,1,0,1,0,0,0,0,0,1,0,0,0,0,,,,,,,,,,,0,0,0,1,0,1,0,0,0,0,1.173251,0.4926083,0.5200371,0.7593228,1.176882,-0.0011968,0.9226008,0.8235344,0.5396286,81315,66,135,130,12,16,12.0,16.0,2,1,0,0,0,0,1,0,8.0,40,0.3653846,1,0,0,0,0,0,1,0,0,1,0,0,1,0,0,0
269,1824,14.96,16,6.653846,1,0,1982,29,26.0,74400.0,468.0,1,0,0,0,0,0,0,1,0,0,0,0,1,0,0,0,1,0,0,0,0,10.0,9.0,0.0,1.0,0.0,0.0,0.0,0.0,0.0,1.0,0,1,0,0,0,1,0,0,0,0,0.1240409,0.8101798,1.458839,-0.168706,-1.413962,0.6958305,0.6912185,0.6218141,1.209624,76073,64,145,180,18,16,18.0,16.0,1,0,1,0,0,0,1,0,3.0,45,4.0,1,0,0,0,0,1,1,0,1,0,0,0,0,1,0,0
270,1151,15.0,17,4.0,1,0,1984,27,20.0,35600.0,193.0,0,0,0,1,0,0,0,1,0,0,0,0,1,0,0,1,0,0,0,0,0,7.0,,1.0,0.0,0.0,0.0,,,,,0,0,1,0,0,0,1,0,0,0,0.1165575,-0.1369453,1.079438,-0.1604608,0.1123471,-0.0542524,0.3225951,0.2508242,0.5022177,63074,64,120,120,12,14,,14.0,4,1,0,0,0,1,0,0,4.0,40,4.230769,0,0,0,1,0,0,1,1,0,0,0,0,1,0,0,0
271,1940,11.0,12,9.288462,1,0,1982,29,26.0,,,1,0,0,0,0,0,0,0,1,0,0,1,0,0,0,0,0,0,1,0,0,11.0,11.0,0.0,0.0,0.0,1.0,0.0,0.0,0.0,1.0,0,0,1,0,0,0,1,0,0,0,-0.1508781,-0.6263446,-0.2893201,0.3815021,0.4900275,-0.544674,-0.3349752,-0.1923244,-0.4886951,40541,63,102,120,8,9,8.0,9.0,1,0,0,0,1,0,1,0,2.0,40,8.576923,0,1,0,0,0,0,1,0,0,0,1,0,0,1,0,0
272,2744,11.0,15,5.230769,1,0,1980,31,29.0,120250.0,731.0,1,0,0,0,0,0,0,1,0,0,0,0,1,0,0,0,0,0,1,0,0,,,0.0,0.0,0.0,1.0,0.0,0.0,0.0,1.0,0,1,0,0,0,1,0,0,0,0,-0.782908,-0.647929,-0.7485334,-0.3886536,0.1671768,-0.6624724,-0.8144372,-0.7192413,-0.7450934,18264,63,130,120,20,14,20.0,14.0,1,0,1,0,0,1,0,0,9.0,40,0.8076923,0,0,0,1,0,0,0,0,1,0,0,0,1,0,0,0
273,6395,19.77,14,9.288462,1,0,1982,29,24.0,39700.0,250.0,1,0,0,0,0,0,1,0,0,0,0,0,1,0,0,0,0,1,0,0,0,13.0,2.0,0.0,1.0,0.0,0.0,1.0,0.0,0.0,0.0,0,0,0,1,0,1,0,0,0,0,0.6962562,-0.3303887,-0.5962489,1.355763,-0.282845,1.23037,0.1275706,0.3142876,-0.4945466,53310,68,210,195,11,16,11.0,16.0,3,0,0,0,1,0,1,0,3.0,40,7.230769,0,1,0,0,0,0,1,0,0,0,1,1,0,0,0,0
274,3021,6.67,17,6.615385,1,0,1980,31,23.0,67350.0,360.0,1,0,0,0,0,0,0,1,0,0,0,0,1,0,0,0,1,0,0,0,0,,,0.0,0.0,0.0,1.0,0.0,0.0,0.0,1.0,0,0,1,0,0,1,0,0,0,0,1.263001,0.3628742,0.7138264,1.057365,-0.5862419,0.4661374,0.9895266,0.9499756,0.5737877,85023,65,135,155,12,17,12.0,17.0,2,0,1,0,0,1,0,0,10.0,24,0.4423077,0,1,0,0,1,0,1,1,0,0,0,0,1,0,0,0
275,1187,24.04,16,7.403846,1,0,1983,28,26.0,81300.0,376.0,1,0,0,0,0,0,0,1,0,0,0,1,0,0,0,0,1,0,0,0,0,12.0,10.0,0.0,1.0,0.0,0.0,0.0,1.0,0.0,0.0,1,0,0,0,0,0,1,0,0,0,1.178289,0.6474565,0.1561695,1.011261,1.580139,0.7477132,0.8679343,0.8369543,0.4281633,78417,68,134,150,12,12,12.0,12.0,3,1,0,0,0,0,1,0,2.0,40,7.019231,0,1,0,0,0,0,1,1,0,0,0,0,1,0,0,0
276,3742,13.18,12,8.480769,1,0,1981,30,17.0,40000.0,251.0,0,0,0,1,0,0,0,0,1,0,0,0,1,0,0,0,0,0,1,0,0,,,,,,,,,,,0,1,0,0,0,1,0,0,0,0,-0.5039685,-0.5682797,0.4043828,-0.7545447,0.2864626,0.1328276,-0.3224485,-0.3986631,-0.0877945,30298,64,120,140,11,12,,12.0,4,0,0,1,0,0,1,0,8.0,32,3.615385,0,0,0,1,0,0,1,0,0,1,0,0,1,0,0,0
277,3007,16.99,16,4.730769,1,0,1983,28,33.0,75000.0,593.0,0,0,0,0,1,0,0,1,0,0,0,0,1,0,0,0,1,0,0,0,0,,5.0,,,,,0.0,1.0,0.0,0.0,0,1,0,0,0,1,0,0,0,0,0.3183682,-0.0241357,-0.035105,0.1037884,-0.002865,0.5672479,0.1582425,0.1009263,-0.0319837,50387,71,165,185,12,12,12.0,,1,0,1,0,0,1,0,0,2.0,60,8.115385,0,1,0,0,0,0,0,0,1,0,0,0,1,0,0,0
278,4694,8.2,15,2.096154,1,0,1984,27,23.0,40700.0,322.0,0,0,0,0,1,0,0,0,1,0,0,1,0,0,0,0,0,0,1,0,0,7.0,,1.0,0.0,0.0,0.0,,,,,1,0,0,0,0,0,1,0,0,0,1.097955,1.346249,1.515366,0.4936402,2.948136,2.266551,1.389291,1.245517,1.525641,89566,64,135,153,12,12,12.0,,1,0,0,0,1,0,1,0,5.0,25,1.076923,0,1,0,0,0,0,1,0,1,0,0,0,0,1,0,0
279,6561,16.01,14,5.230769,1,0,1981,30,21.0,62723.0,207.0,1,0,0,0,0,0,0,0,1,0,0,0,1,0,0,0,0,1,0,0,0,,,,,,,,,,,0,0,0,1,0,0,0,0,1,0,1.662351,0.8181598,0.4688823,1.336034,0.8593576,0.641185,1.266797,1.198566,0.685958,89567,63,200,203,14,12,14.0,12.0,7,0,0,0,1,0,1,0,7.0,30,0.3461539,0,0,1,0,0,0,0,0,0,0,1,0,1,0,0,0
280,1497,42.68,17,6.230769,1,0,1982,29,31.0,,,1,0,0,0,0,0,0,1,0,0,0,0,1,0,0,1,0,0,0,0,0,13.0,,0.0,0.0,1.0,0.0,,,,,0,1,0,0,0,0,0,0,0,1,1.688309,0.5460961,0.7259913,2.030006,0.6985778,-0.614803,1.276953,1.39584,0.6779829,86558,65,130,169,20,16,20.0,16.0,0,0,0,1,0,0,1,0,8.0,41,4.461538,0,1,0,0,0,0,1,0,0,1,0,0,0,1,0,0
281,1144,18.0,9,10.46154,1,0,1983,28,23.0,30500.0,191.0,0,0,0,1,0,0,0,1,0,0,0,0,1,0,0,0,0,0,0,1,0,,,,,,,,,,,1,0,0,0,0,1,0,0,0,0,0.6145988,-0.6718237,0.2773841,0.3465584,-0.2859328,0.6457924,0.2289345,0.1579562,-0.2107377,56860,64,123,125,12,13,,13.0,2,1,0,0,0,1,0,0,5.0,40,0.5384616,0,1,0,0,0,0,0,1,0,0,0,0,1,0,0,0
282,8850,15.21,17,4.807693,1,0,1984,27,,,,0,1,0,0,0,0,0,0,1,0,0,0,1,0,0,0,1,0,0,0,0,,,,,,,,,,,0,1,0,0,0,0,0,0,0,1,0.9178718,1.143633,0.3287969,0.7554926,1.069535,1.465521,0.9085941,0.8796616,0.7848211,77947,66,128,178,12,14,18.0,14.0,0,0,0,1,0,0,1,0,4.0,55,4.230769,0,1,0,0,0,0,1,0,0,0,1,0,0,1,0,0
283,4452,17.1,16,6.403846,1,0,1981,30,29.0,38565.0,242.0,1,0,0,0,0,0,0,1,0,0,0,0,1,0,0,0,0,0,1,0,0,,,,,,,,,,,0,0,1,0,0,1,0,0,0,0,0.9590697,0.6929477,0.8892412,0.696775,-0.5948889,1.759821,0.9613954,0.905473,0.843353,87288,65,115,127,11,12,11.0,12.0,2,0,0,0,1,1,0,0,3.0,40,9.096154,0,1,0,0,0,0,0,0,0,0,1,0,1,0,0,0
284,5490,18.75,17,0.3653846,1,0,1984,27,28.0,54040.0,289.0,1,0,0,0,0,0,1,0,0,0,0,0,1,0,0,0,1,0,0,0,0,9.0,5.0,0.0,1.0,0.0,0.0,0.0,0.0,1.0,0.0,1,0,0,0,0,1,0,0,0,0,1.322791,0.102096,1.062757,0.6834037,-0.1103813,0.7209071,1.046608,0.8867283,0.6207973,80760,67,135,125,14,12,14.0,12.0,2,0,1,0,0,1,0,0,6.0,40,2.423077,0,1,0,0,0,1,1,0,0,0,1,0,0,1,0,0
285,417,21.37,16,6.980769,1,0,1983,28,28.0,246474.0,1627.0,0,0,0,0,1,0,0,0,1,0,0,0,1,0,0,0,1,0,0,0,0,13.0,12.0,1.0,0.0,0.0,0.0,0.0,1.0,0.0,0.0,1,0,0,0,0,0,0,1,0,0,-0.2954046,-0.1140607,-1.14939,-0.1941085,0.3379045,0.4086004,-0.5099694,-0.4911622,-0.6741613,28489,64,138,135,16,14,16.0,,0,0,0,0,1,0,1,0,4.0,45,1.173077,0,0,1,0,0,0,1,0,0,0,1,0,0,1,0,0
286,4967,10.3,15,2.807692,1,0,1983,28,31.0,20500.0,68.0,1,0,0,0,0,0,1,0,0,0,0,0,1,0,0,0,0,0,1,0,0,9.0,7.0,0.0,0.0,0.0,1.0,0.0,1.0,0.0,0.0,0,1,0,0,0,0,1,0,0,0,-0.3849131,0.5996482,-0.0662427,0.3094538,-0.7231465,0.534521,-0.0654102,0.1275187,0.2840609,54452,65,180,156,16,12,16.0,12.0,8,1,0,0,0,1,0,0,6.0,40,3.326923,0,1,0,0,0,0,1,1,0,0,0,0,1,0,0,0
287,584,24.94,18,6.461538,1,0,1981,30,18.0,,,1,0,0,0,0,0,0,1,0,0,0,0,1,0,0,0,1,0,0,0,0,,,,,,,,,,,0,1,0,0,0,0,0,0,0,1,1.339481,-0.128899,0.9248272,0.9247032,0.0756043,-0.6488773,0.9544054,0.8556852,0.4240582,81343,65,155,185,13,10,13.0,10.0,4,0,0,0,1,0,1,0,4.0,40,6.038462,0,0,1,0,0,0,1,0,1,0,0,0,1,0,0,0
288,1783,13.0,18,4.865385,1,0,1981,30,35.0,53000.0,322.0,1,0,0,0,0,0,0,1,0,0,0,0,1,0,0,0,1,0,0,0,0,,,,,,,,,,,0,1,0,0,0,1,0,0,0,0,0.4294775,0.292269,0.5778642,0.0310126,0.5888193,1.699354,0.4746838,0.3717207,0.46363,54214,67,225,232,14,12,14.0,12.0,3,0,1,0,0,0,1,0,5.0,38,2.326923,0,0,1,0,0,0,1,0,1,0,0,0,1,0,0,0
289,4852,20.43,18,3.961539,1,0,1980,31,27.0,,,1,0,0,0,0,0,1,0,0,0,0,0,1,0,0,0,1,0,0,0,0,,,0.0,0.0,0.0,1.0,0.0,1.0,0.0,0.0,0,0,1,0,0,1,0,0,0,0,0.3998832,-0.262048,1.383287,0.3979638,1.671377,1.952249,0.5274199,0.5363907,0.597539,67479,67,148,160,16,14,16.0,14.0,1,1,0,0,0,1,0,0,7.0,40,3.557692,0,1,0,0,0,0,1,1,0,0,0,0,1,0,0,0
290,3282,15.38,16,3.865385,1,0,1984,27,26.0,67182.0,422.0,1,0,0,0,0,0,0,1,0,0,0,0,1,0,0,0,1,0,0,0,0,11.0,10.0,0.0,1.0,0.0,0.0,0.0,1.0,0.0,0.0,1,0,0,0,0,1,0,0,0,0,-0.2169684,-0.3406995,-0.0415193,-0.9142141,0.0912448,-0.5716487,-0.2247131,-0.4241253,-0.2042206,25970,61,115,115,16,18,16.0,18.0,1,0,0,1,0,1,0,0,2.0,40,5.25,0,1,0,0,0,0,1,0,0,1,0,0,1,0,0,0
291,3740,11.81,12,6.615385,1,0,1984,27,36.0,50010.0,314.0,1,0,0,0,0,0,0,0,1,0,1,0,0,0,0,0,0,0,1,0,0,9.0,6.0,0.0,0.0,1.0,0.0,1.0,0.0,0.0,0.0,0,0,0,1,0,1,0,0,0,0,0.2550825,-0.4898158,-0.8255221,0.8137999,0.4072849,-0.7402701,-0.2216952,-0.0695947,-0.7018316,44898,67,118,135,12,12,12.0,12.0,3,0,0,1,0,0,1,0,5.0,40,5.288462,0,1,0,0,0,0,1,0,0,1,0,0,0,1,0,0
292,267,18.46,17,6.961538,1,0,1980,31,31.0,32010.0,253.0,1,0,0,0,0,0,0,1,0,0,0,0,1,0,0,1,0,0,0,0,0,,,0.0,0.0,0.0,1.0,0.0,0.0,0.0,1.0,1,0,0,0,0,1,0,0,0,0,1.163902,0.7476169,0.9573677,1.128394,0.6057094,-0.7899514,1.107708,1.117934,0.9088372,91328,65,135,135,12,13,12.0,13.0,1,1,0,0,0,0,1,0,4.0,50,5.307693,0,1,0,0,0,0,1,1,0,0,0,0,1,0,0,0
293,3326,15.26,13,3.788461,1,0,1980,31,26.0,34006.0,314.0,0,0,0,1,0,0,0,0,1,0,1,0,0,0,0,0,0,0,1,0,0,,,0.0,1.0,0.0,0.0,,,,,0,1,0,0,0,1,0,0,0,0,0.3093091,-0.7344391,-0.2903643,0.601509,0.4555202,0.359853,-0.1120591,-0.0325255,-0.5468962,43622,68,148,150,14,12,,12.0,2,0,0,1,0,0,1,0,5.0,40,0.7307692,1,0,0,0,0,0,1,0,0,1,0,0,1,0,0,0
294,5915,50.0,17,7.019231,1,0,1981,30,24.0,45000.0,283.0,1,0,0,0,0,0,0,1,0,0,1,0,0,0,0,1,0,0,0,0,0,,,,,,,,,,,1,0,0,0,0,1,0,0,0,0,-0.1768361,0.4038216,0.6623809,0.5335148,0.4171981,1.151413,0.195348,0.3975373,0.5681893,60806,64,135,154,12,12,12.0,12.0,1,0,0,1,0,1,0,0,10.0,25,2.884615,1,0,0,0,1,0,2,0,0,1,0,0,0,0,1,0
295,1319,11.87,12,8.730769,1,0,1984,27,19.0,28000.0,176.0,1,0,0,0,0,0,0,1,0,0,0,0,1,0,0,0,0,0,1,0,0,13.0,11.0,0.0,0.0,0.0,1.0,0.0,0.0,0.0,1.0,0,0,1,0,0,1,0,0,0,0,0.0291801,-0.7106444,0.1764446,0.185142,-0.4631857,0.7177902,-0.1311991,-0.0901405,-0.2852685,50494,64,208,160,11,12,11.0,12.0,1,0,1,0,0,1,0,0,4.0,40,3.538461,0,1,0,0,0,0,1,0,1,0,0,0,1,0,0,0
296,3261,9.36,14,8.903846,1,0,1981,30,33.0,70500.0,367.0,1,0,0,0,0,0,0,0,1,0,0,0,1,0,0,0,0,0,1,0,0,,,,,,,,,,,0,1,0,0,0,1,0,0,0,0,-0.8033958,0.6735967,0.0674284,0.2833238,-0.3373747,0.7758328,-0.2383455,0.0612007,0.3947797,43619,71,220,280,15,14,15.0,14.0,3,0,1,0,0,0,1,0,,40,5.307693,0,1,0,0,0,0,1,0,1,0,0,0,1,0,0,0
